Date,Forward,Action,Volume_MWh,Inventory,Daily_CF_EUR
2026-04-17,35.0,Idle,0.0,0.0,0.0
2026-04-18,35.0,Idle,0.0,0.0,0.0
2026-04-19,35.0,Idle,0.0,0.0,0.0
2026-04-20,35.0,Idle,0.0,0.0,0.0
2026-04-21,35.0,Idle,0.0,0.0,0.0
2026-04-22,35.0,Idle,0.0,0.0,0.0
2026-04-23,35.0,Idle,0.0,0.0,0.0
2026-04-24,35.0,Idle,0.0,0.0,0.0
2026-04-25,35.0,Idle,0.0,0.0,0.0
2026-04-26,35.0,Idle,0.0,0.0,0.0
2026-04-27,35.0,Idle,0.0,0.0,0.0
2026-04-28,35.0,Idle,0.0,0.0,0.0
2026-04-29,35.0,Idle,0.0,0.0,0.0
2026-04-30,35.0,Idle,0.0,0.0,0.0
2026-05-01,35.0,Idle,0.0,0.0,0.0
2026-05-02,35.0,Idle,0.0,0.0,0.0
2026-05-03,35.0,Idle,0.0,0.0,0.0
2026-05-04,35.0,Idle,0.0,0.0,0.0
2026-05-05,35.0,Idle,0.0,0.0,0.0
2026-05-06,35.0,Idle,0.0,0.0,0.0
2026-05-07,35.0,Idle,0.0,0.0,0.0
2026-05-08,35.0,Idle,0.0,0.0,0.0
2026-05-09,35.0,Idle,0.0,0.0,0.0
2026-05-10,35.0,Idle,0.0,0.0,0.0
2026-05-11,35.0,Idle,0.0,0.0,0.0
2026-05-12,35.0,Idle,0.0,0.0,0.0
2026-05-13,35.0,Idle,0.0,0.0,0.0
2026-05-14,35.0,Idle,0.0,0.0,0.0
2026-05-15,35.0,Idle,0.0,0.0,0.0
2026-05-16,35.0,Idle,0.0,0.0,0.0
2026-05-17,35.0,Idle,0.0,0.0,0.0
2026-05-18,35.0,Idle,0.0,0.0,0.0
2026-05-19,35.0,Idle,0.0,0.0,0.0
2026-05-20,35.0,Idle,0.0,0.0,0.0
2026-05-21,35.0,Idle,0.0,0.0,0.0
2026-05-22,35.0,Idle,0.0,0.0,0.0
2026-05-23,35.0,Idle,0.0,0.0,0.0
2026-05-24,35.0,Idle,0.0,0.0,0.0
2026-05-25,35.0,Idle,0.0,0.0,0.0
2026-05-26,35.0,Idle,0.0,0.0,0.0
2026-05-27,35.0,Idle,0.0,0.0,0.0
2026-05-28,35.0,Idle,0.0,0.0,0.0
2026-05-29,35.0,Idle,0.0,0.0,0.0
2026-05-30,35.0,Idle,0.0,0.0,0.0
2026-05-31,35.0,Idle,0.0,0.0,0.0
2026-06-01,35.0,Idle,0.0,0.0,0.0
2026-06-02,35.0,Idle,0.0,0.0,0.0
2026-06-03,35.0,Idle,0.0,0.0,0.0
2026-06-04,35.0,Idle,0.0,0.0,0.0
2026-06-05,35.0,Idle,0.0,0.0,0.0
2026-06-06,35.0,Idle,0.0,0.0,0.0
2026-06-07,35.0,Idle,0.0,0.0,0.0
2026-06-08,35.0,Idle,0.0,0.0,0.0
2026-06-09,35.0,Idle,0.0,0.0,0.0
2026-06-10,35.0,Idle,0.0,0.0,0.0
2026-06-11,35.0,Idle,0.0,0.0,0.0
2026-06-12,35.0,Idle,0.0,0.0,0.0
2026-06-13,35.0,Idle,0.0,0.0,0.0
2026-06-14,35.0,Idle,0.0,0.0,0.0
2026-06-15,35.0,Idle,0.0,0.0,0.0
2026-06-16,35.0,Idle,0.0,0.0,0.0
2026-06-17,35.0,Idle,0.0,0.0,0.0
2026-06-18,35.0,Idle,0.0,0.0,0.0
2026-06-19,35.0,Idle,0.0,0.0,0.0
2026-06-20,35.0,Idle,0.0,0.0,0.0
2026-06-21,35.0,Idle,0.0,0.0,0.0
2026-06-22,35.0,Idle,0.0,0.0,0.0
2026-06-23,35.0,Idle,0.0,0.0,0.0
2026-06-24,35.0,Idle,0.0,0.0,0.0
2026-06-25,35.0,Idle,0.0,0.0,0.0
2026-06-26,35.0,Idle,0.0,0.0,0.0
2026-06-27,35.0,Idle,0.0,0.0,0.0
2026-06-28,35.0,Idle,0.0,0.0,0.0
2026-06-29,35.0,Idle,0.0,0.0,0.0
2026-06-30,35.0,Idle,0.0,0.0,0.0
2026-07-01,35.0,Idle,0.0,0.0,0.0
2026-07-02,35.0,Idle,0.0,0.0,0.0
2026-07-03,35.0,Idle,0.0,0.0,0.0
2026-07-04,35.0,Idle,0.0,0.0,0.0
2026-07-05,35.0,Idle,0.0,0.0,0.0
2026-07-06,35.0,Idle,0.0,0.0,0.0
2026-07-07,35.0,Idle,0.0,0.0,0.0
2026-07-08,35.0,Idle,0.0,0.0,0.0
2026-07-09,35.0,Idle,0.0,0.0,0.0
2026-07-10,35.0,Idle,0.0,0.0,0.0
2026-07-11,35.0,Idle,0.0,0.0,0.0
2026-07-12,35.0,Idle,0.0,0.0,0.0
2026-07-13,35.0,Idle,0.0,0.0,0.0
2026-07-14,35.0,Idle,0.0,0.0,0.0
2026-07-15,35.0,Idle,0.0,0.0,0.0
2026-07-16,35.0,Idle,0.0,0.0,0.0
2026-07-17,35.0,Idle,0.0,0.0,0.0
2026-07-18,35.0,Idle,0.0,0.0,0.0
2026-07-19,35.0,Idle,0.0,0.0,0.0
2026-07-20,35.0,Idle,0.0,0.0,0.0
2026-07-21,35.0,Idle,0.0,0.0,0.0
2026-07-22,35.0,Idle,0.0,0.0,0.0
2026-07-23,35.0,Idle,0.0,0.0,0.0
2026-07-24,35.0,Idle,0.0,0.0,0.0
2026-07-25,35.0,Idle,0.0,0.0,0.0
2026-07-26,35.0,Idle,0.0,0.0,0.0
2026-07-27,35.0,Idle,0.0,0.0,0.0
2026-07-28,35.0,Idle,0.0,0.0,0.0
2026-07-29,35.0,Idle,0.0,0.0,0.0
2026-07-30,35.0,Idle,0.0,0.0,0.0
2026-07-31,35.0,Idle,0.0,0.0,0.0
2026-08-01,35.0,Idle,0.0,0.0,0.0
2026-08-02,35.0,Idle,0.0,0.0,0.0
2026-08-03,35.0,Inject,20000.0,20000.0,-720000.0
2026-08-04,35.0,Inject,20000.0,40000.0,-720000.0
2026-08-05,35.0,Inject,20000.0,60000.0,-720000.0
2026-08-06,35.0,Inject,20000.0,80000.0,-720000.0
2026-08-07,35.0,Inject,20000.0,100000.0,-720000.0
2026-08-08,35.0,Inject,20000.0,120000.0,-720000.0
2026-08-09,35.0,Inject,20000.0,140000.0,-720000.0
2026-08-10,35.0,Inject,20000.0,160000.0,-720000.0
2026-08-11,35.0,Inject,20000.0,180000.0,-720000.0
2026-08-12,35.0,Inject,20000.0,200000.0,-720000.0
2026-08-13,35.0,Inject,20000.0,220000.0,-720000.0
2026-08-14,35.0,Inject,20000.0,240000.0,-720000.0
2026-08-15,35.0,Inject,20000.0,260000.0,-720000.0
2026-08-16,35.0,Inject,20000.0,280000.0,-720000.0
2026-08-17,35.0,Inject,20000.0,300000.0,-720000.0
2026-08-18,35.0,Inject,20000.0,320000.0,-720000.0
2026-08-19,35.0,Inject,20000.0,340000.0,-720000.0
2026-08-20,35.0,Inject,20000.0,360000.0,-720000.0
2026-08-21,35.0,Inject,20000.0,380000.0,-720000.0
2026-08-22,35.0,Inject,20000.0,400000.0,-720000.0
2026-08-23,35.0,Inject,20000.0,420000.0,-720000.0
2026-08-24,35.0,Inject,20000.0,440000.0,-720000.0
2026-08-25,35.0,Inject,20000.0,460000.0,-720000.0
2026-08-26,35.0,Inject,20000.0,480000.0,-720000.0
2026-08-27,35.0,Inject,20000.0,500000.0,-720000.0
2026-08-28,35.0,Inject,20000.0,520000.0,-720000.0
2026-08-29,35.0,Inject,20000.0,540000.0,-720000.0
2026-08-30,35.0,Inject,20000.0,560000.0,-720000.0
2026-08-31,35.0,Inject,20000.0,580000.0,-720000.0
2026-09-01,35.0,Inject,20000.0,600000.0,-720000.0
2026-09-02,35.1667,Inject,20000.0,620000.0,-723333.33
2026-09-03,35.3333,Inject,20000.0,640000.0,-726666.67
2026-09-04,35.5,Inject,20000.0,660000.0,-730000.0
2026-09-05,35.6667,Inject,20000.0,680000.0,-733333.33
2026-09-06,35.8333,Inject,20000.0,700000.0,-736666.67
2026-09-07,36.0,Inject,20000.0,720000.0,-740000.0
2026-09-08,36.1667,Inject,20000.0,740000.0,-743333.33
2026-09-09,36.3333,Inject,20000.0,760000.0,-746666.67
2026-09-10,36.5,Inject,20000.0,780000.0,-750000.0
2026-09-11,36.6667,Inject,20000.0,800000.0,-753333.33
2026-09-12,36.8333,Inject,20000.0,820000.0,-756666.67
2026-09-13,37.0,Inject,20000.0,840000.0,-760000.0
2026-09-14,37.1667,Inject,20000.0,860000.0,-763333.33
2026-09-15,37.3333,Inject,20000.0,880000.0,-766666.67
2026-09-16,37.5,Inject,20000.0,900000.0,-770000.0
2026-09-17,37.6667,Inject,20000.0,920000.0,-773333.33
2026-09-18,37.8333,Inject,20000.0,940000.0,-776666.67
2026-09-19,38.0,Inject,20000.0,960000.0,-780000.0
2026-09-20,38.1667,Inject,20000.0,980000.0,-783333.33
2026-09-21,38.3333,Inject,20000.0,1000000.0,-786666.67
2026-09-22,38.5,Inject,20000.0,1020000.0,-790000.0
2026-09-23,38.6667,Inject,20000.0,1040000.0,-793333.33
2026-09-24,38.8333,Inject,20000.0,1060000.0,-796666.67
2026-09-25,39.0,Inject,20000.0,1080000.0,-800000.0
2026-09-26,39.1667,Inject,20000.0,1100000.0,-803333.33
2026-09-27,39.3333,Inject,20000.0,1120000.0,-806666.67
2026-09-28,39.5,Inject,20000.0,1140000.0,-810000.0
2026-09-29,39.6667,Inject,20000.0,1160000.0,-813333.33
2026-09-30,39.8333,Inject,20000.0,1180000.0,-816666.67
2026-10-01,40.0,Idle,0.0,1180000.0,0.0
2026-10-02,40.0,Idle,0.0,1180000.0,0.0
2026-10-03,40.0,Idle,0.0,1180000.0,0.0
2026-10-04,40.0,Idle,0.0,1180000.0,0.0
2026-10-05,40.0,Idle,0.0,1180000.0,0.0
2026-10-06,40.0,Idle,0.0,1180000.0,0.0
2026-10-07,40.0,Idle,0.0,1180000.0,0.0
2026-10-08,40.0,Idle,0.0,1180000.0,0.0
2026-10-09,40.0,Idle,0.0,1180000.0,0.0
2026-10-10,40.0,Idle,0.0,1180000.0,0.0
2026-10-11,40.0,Idle,0.0,1180000.0,0.0
2026-10-12,40.0,Idle,0.0,1180000.0,0.0
2026-10-13,40.0,Idle,0.0,1180000.0,0.0
2026-10-14,40.0,Idle,0.0,1180000.0,0.0
2026-10-15,40.0,Idle,0.0,1180000.0,0.0
2026-10-16,40.0,Idle,0.0,1180000.0,0.0
2026-10-17,40.0,Idle,0.0,1180000.0,0.0
2026-10-18,40.0,Idle,0.0,1180000.0,0.0
2026-10-19,40.0,Idle,0.0,1180000.0,0.0
2026-10-20,40.0,Idle,0.0,1180000.0,0.0
2026-10-21,40.0,Idle,0.0,1180000.0,0.0
2026-10-22,40.0,Idle,0.0,1180000.0,0.0
2026-10-23,40.0,Idle,0.0,1180000.0,0.0
2026-10-24,40.0,Idle,0.0,1180000.0,0.0
2026-10-25,40.0,Idle,0.0,1180000.0,0.0
2026-10-26,40.0,Idle,0.0,1180000.0,0.0
2026-10-27,40.0,Idle,0.0,1180000.0,0.0
2026-10-28,40.0,Idle,0.0,1180000.0,0.0
2026-10-29,40.0,Idle,0.0,1180000.0,0.0
2026-10-30,40.0,Idle,0.0,1180000.0,0.0
2026-10-31,40.0,Idle,0.0,1180000.0,0.0
2026-11-01,40.0,Idle,0.0,1180000.0,0.0
2026-11-02,40.0,Idle,0.0,1180000.0,0.0
2026-11-03,40.0,Idle,0.0,1180000.0,0.0
2026-11-04,40.0,Idle,0.0,1180000.0,0.0
2026-11-05,40.0,Idle,0.0,1180000.0,0.0
2026-11-06,40.0,Idle,0.0,1180000.0,0.0
2026-11-07,40.0,Idle,0.0,1180000.0,0.0
2026-11-08,40.0,Idle,0.0,1180000.0,0.0
2026-11-09,40.0,Idle,0.0,1180000.0,0.0
2026-11-10,40.0,Idle,0.0,1180000.0,0.0
2026-11-11,40.0,Idle,0.0,1180000.0,0.0
2026-11-12,40.0,Idle,0.0,1180000.0,0.0
2026-11-13,40.0,Idle,0.0,1180000.0,0.0
2026-11-14,40.0,Idle,0.0,1180000.0,0.0
2026-11-15,40.0,Idle,0.0,1180000.0,0.0
2026-11-16,40.0,Idle,0.0,1180000.0,0.0
2026-11-17,40.0,Idle,0.0,1180000.0,0.0
2026-11-18,40.0,Idle,0.0,1180000.0,0.0
2026-11-19,40.0,Idle,0.0,1180000.0,0.0
2026-11-20,40.0,Idle,0.0,1180000.0,0.0
2026-11-21,40.0,Idle,0.0,1180000.0,0.0
2026-11-22,40.0,Idle,0.0,1180000.0,0.0
2026-11-23,40.0,Idle,0.0,1180000.0,0.0
2026-11-24,40.0,Idle,0.0,1180000.0,0.0
2026-11-25,40.0,Idle,0.0,1180000.0,0.0
2026-11-26,40.0,Idle,0.0,1180000.0,0.0
2026-11-27,40.0,Idle,0.0,1180000.0,0.0
2026-11-28,40.0,Idle,0.0,1180000.0,0.0
2026-11-29,40.0,Idle,0.0,1180000.0,0.0
2026-11-30,40.0,Idle,0.0,1180000.0,0.0
2026-12-01,40.0,Idle,0.0,1180000.0,0.0
2026-12-02,40.0,Idle,0.0,1180000.0,0.0
2026-12-03,40.0,Idle,0.0,1180000.0,0.0
2026-12-04,40.0,Idle,0.0,1180000.0,0.0
2026-12-05,40.0,Idle,0.0,1180000.0,0.0
2026-12-06,40.0,Idle,0.0,1180000.0,0.0
2026-12-07,40.0,Idle,0.0,1180000.0,0.0
2026-12-08,40.0,Idle,0.0,1180000.0,0.0
2026-12-09,40.0,Idle,0.0,1180000.0,0.0
2026-12-10,40.0,Idle,0.0,1180000.0,0.0
2026-12-11,40.0,Idle,0.0,1180000.0,0.0
2026-12-12,40.0,Idle,0.0,1180000.0,0.0
2026-12-13,40.0,Idle,0.0,1180000.0,0.0
2026-12-14,40.0,Idle,0.0,1180000.0,0.0
2026-12-15,40.0,Idle,0.0,1180000.0,0.0
2026-12-16,40.0,Idle,0.0,1180000.0,0.0
2026-12-17,40.0,Idle,0.0,1180000.0,0.0
2026-12-18,40.0,Idle,0.0,1180000.0,0.0
2026-12-19,40.0,Idle,0.0,1180000.0,0.0
2026-12-20,40.0,Idle,0.0,1180000.0,0.0
2026-12-21,40.0,Idle,0.0,1180000.0,0.0
2026-12-22,40.0,Idle,0.0,1180000.0,0.0
2026-12-23,40.0,Idle,0.0,1180000.0,0.0
2026-12-24,40.0,Idle,0.0,1180000.0,0.0
2026-12-25,40.0,Idle,0.0,1180000.0,0.0
2026-12-26,40.0,Idle,0.0,1180000.0,0.0
2026-12-27,40.0,Idle,0.0,1180000.0,0.0
2026-12-28,40.0,Idle,0.0,1180000.0,0.0
2026-12-29,40.0,Idle,0.0,1180000.0,0.0
2026-12-30,40.0,Idle,0.0,1180000.0,0.0
2026-12-31,40.0,Idle,0.0,1180000.0,0.0
2027-01-01,40.0,Idle,0.0,1180000.0,0.0
2027-01-02,40.0,Idle,0.0,1180000.0,0.0
2027-01-03,40.0,Idle,0.0,1180000.0,0.0
2027-01-04,40.0,Idle,0.0,1180000.0,0.0
2027-01-05,40.0,Idle,0.0,1180000.0,0.0
2027-01-06,40.0,Idle,0.0,1180000.0,0.0
2027-01-07,40.0,Idle,0.0,1180000.0,0.0
2027-01-08,40.0,Idle,0.0,1180000.0,0.0
2027-01-09,40.0,Idle,0.0,1180000.0,0.0
2027-01-10,40.0,Idle,0.0,1180000.0,0.0
2027-01-11,40.0,Idle,0.0,1180000.0,0.0
2027-01-12,40.0,Idle,0.0,1180000.0,0.0
2027-01-13,40.0,Idle,0.0,1180000.0,0.0
2027-01-14,40.0,Idle,0.0,1180000.0,0.0
2027-01-15,40.0,Idle,0.0,1180000.0,0.0
2027-01-16,40.0,Idle,0.0,1180000.0,0.0
2027-01-17,40.0,Idle,0.0,1180000.0,0.0
2027-01-18,40.0,Idle,0.0,1180000.0,0.0
2027-01-19,40.0,Idle,0.0,1180000.0,0.0
2027-01-20,40.0,Idle,0.0,1180000.0,0.0
2027-01-21,40.0,Idle,0.0,1180000.0,0.0
2027-01-22,40.0,Idle,0.0,1180000.0,0.0
2027-01-23,40.0,Idle,0.0,1180000.0,0.0
2027-01-24,40.0,Idle,0.0,1180000.0,0.0
2027-01-25,40.0,Idle,0.0,1180000.0,0.0
2027-01-26,40.0,Idle,0.0,1180000.0,0.0
2027-01-27,40.0,Idle,0.0,1180000.0,0.0
2027-01-28,40.0,Idle,0.0,1180000.0,0.0
2027-01-29,40.0,Idle,0.0,1180000.0,0.0
2027-01-30,40.0,Idle,0.0,1180000.0,0.0
2027-01-31,40.0,Idle,0.0,1180000.0,0.0
2027-02-01,40.0,Idle,0.0,1180000.0,0.0
2027-02-02,40.0,Idle,0.0,1180000.0,0.0
2027-02-03,40.0,Idle,0.0,1180000.0,0.0
2027-02-04,40.0,Idle,0.0,1180000.0,0.0
2027-02-05,40.0,Idle,0.0,1180000.0,0.0
2027-02-06,40.0,Idle,0.0,1180000.0,0.0
2027-02-07,40.0,Idle,0.0,1180000.0,0.0
2027-02-08,40.0,Idle,0.0,1180000.0,0.0
2027-02-09,40.0,Idle,0.0,1180000.0,0.0
2027-02-10,40.0,Idle,0.0,1180000.0,0.0
2027-02-11,40.0,Idle,0.0,1180000.0,0.0
2027-02-12,40.0,Idle,0.0,1180000.0,0.0
2027-02-13,40.0,Idle,0.0,1180000.0,0.0
2027-02-14,40.0,Idle,0.0,1180000.0,0.0
2027-02-15,40.0,Idle,0.0,1180000.0,0.0
2027-02-16,40.0,Idle,0.0,1180000.0,0.0
2027-02-17,40.0,Idle,0.0,1180000.0,0.0
2027-02-18,40.0,Idle,0.0,1180000.0,0.0
2027-02-19,40.0,Idle,0.0,1180000.0,0.0
2027-02-20,40.0,Idle,0.0,1180000.0,0.0
2027-02-21,40.0,Idle,0.0,1180000.0,0.0
2027-02-22,40.0,Idle,0.0,1180000.0,0.0
2027-02-23,40.0,Idle,0.0,1180000.0,0.0
2027-02-24,40.0,Idle,0.0,1180000.0,0.0
2027-02-25,40.0,Idle,0.0,1180000.0,0.0
2027-02-26,40.0,Idle,0.0,1180000.0,0.0
2027-02-27,40.0,Idle,0.0,1180000.0,0.0
2027-02-28,40.0,Idle,0.0,1180000.0,0.0
2027-03-01,40.0,Idle,0.0,1180000.0,0.0
2027-03-02,40.0,Idle,0.0,1180000.0,0.0
2027-03-03,40.0,Idle,0.0,1180000.0,0.0
2027-03-04,40.0,Idle,0.0,1180000.0,0.0
2027-03-05,40.0,Idle,0.0,1180000.0,0.0
2027-03-06,40.0,Idle,0.0,1180000.0,0.0
2027-03-07,40.0,Idle,0.0,1180000.0,0.0
2027-03-08,40.0,Idle,0.0,1180000.0,0.0
2027-03-09,40.0,Idle,0.0,1180000.0,0.0
2027-03-10,40.0,Idle,0.0,1180000.0,0.0
2027-03-11,40.0,Idle,0.0,1180000.0,0.0
2027-03-12,40.0,Idle,0.0,1180000.0,0.0
2027-03-13,40.0,Idle,0.0,1180000.0,0.0
2027-03-14,40.0,Idle,0.0,1180000.0,0.0
2027-03-15,40.0,Idle,0.0,1180000.0,0.0
2027-03-16,40.0,Idle,0.0,1180000.0,0.0
2027-03-17,40.0,Idle,0.0,1180000.0,0.0
2027-03-18,40.0,Idle,0.0,1180000.0,0.0
2027-03-19,40.0,Idle,0.0,1180000.0,0.0
2027-03-20,40.0,Idle,0.0,1180000.0,0.0
2027-03-21,40.0,Idle,0.0,1180000.0,0.0
2027-03-22,40.0,Idle,0.0,1180000.0,0.0
2027-03-23,40.0,Idle,0.0,1180000.0,0.0
2027-03-24,40.0,Idle,0.0,1180000.0,0.0
2027-03-25,40.0,Idle,0.0,1180000.0,0.0
2027-03-26,40.0,Idle,0.0,1180000.0,0.0
2027-03-27,40.0,Idle,0.0,1180000.0,0.0
2027-03-28,40.0,Idle,0.0,1180000.0,0.0
2027-03-29,40.0,Idle,0.0,1180000.0,0.0
2027-03-30,40.0,Idle,0.0,1180000.0,0.0
2027-03-31,40.0,Idle,0.0,1180000.0,0.0
2027-04-01,40.0,Idle,0.0,1180000.0,0.0
2027-04-02,40.0,Idle,0.0,1180000.0,0.0
2027-04-03,40.0,Idle,0.0,1180000.0,0.0
2027-04-04,40.0,Idle,0.0,1180000.0,0.0
2027-04-05,40.0,Idle,0.0,1180000.0,0.0
2027-04-06,40.0,Idle,0.0,1180000.0,0.0
2027-04-07,40.0,Idle,0.0,1180000.0,0.0
2027-04-08,40.0,Idle,0.0,1180000.0,0.0
2027-04-09,40.0,Idle,0.0,1180000.0,0.0
2027-04-10,40.0,Idle,0.0,1180000.0,0.0
2027-04-11,40.0,Idle,0.0,1180000.0,0.0
2027-04-12,40.0,Idle,0.0,1180000.0,0.0
2027-04-13,40.0,Idle,0.0,1180000.0,0.0
2027-04-14,40.0,Idle,0.0,1180000.0,0.0
2027-04-15,40.0,Idle,0.0,1180000.0,0.0
2027-04-16,40.0,Idle,0.0,1180000.0,0.0
