Date,Path_1,Path_2,Path_3,Path_4,Path_5,Path_6,Path_7,Path_8,Path_9,Path_10,Path_11,Path_12,Path_13,Path_14,Path_15,Path_16,Path_17,Path_18,Path_19,Path_20
2026-04-17,800000.0,800000.0,800000.0,800000.0,800000.0,800000.0,800000.0,800000.0,800000.0,800000.0,800000.0,800000.0,800000.0,800000.0,800000.0,800000.0,800000.0,800000.0,800000.0,800000.0
2026-04-18,800000.0,800000.0,800000.0,800000.0,800000.0,800000.0,800000.0,800000.0,800000.0,800000.0,800000.0,800000.0,800000.0,800000.0,800000.0,800000.0,800000.0,800000.0,800000.0,800000.0
2026-04-19,878800.0,878800.0,760000.0,878800.0,760000.0,878800.0,800000.0,760000.0,760000.0,760000.0,760000.0,760000.0,760000.0,760000.0,878800.0,760000.0,878800.0,878800.0,760000.0,878800.0
2026-04-20,878800.0,957600.0,720000.0,878800.0,720000.0,957600.0,760000.0,720000.0,720000.0,838800.0,720000.0,720000.0,720000.0,720000.0,957600.0,720000.0,838800.0,957600.0,720000.0,957600.0
2026-04-21,878800.0,1036400.0,680000.0,878800.0,720000.0,917600.0,720000.0,680000.0,680000.0,838800.0,680000.0,680000.0,680000.0,680000.0,1036400.0,680000.0,798800.0,1036400.0,680000.0,1036400.0
2026-04-22,878800.0,1115200.0,758800.0,957600.0,798800.0,877600.0,680000.0,640000.0,640000.0,798800.0,640000.0,640000.0,640000.0,640000.0,1115200.0,640000.0,758800.0,1115200.0,640000.0,996400.0
2026-04-23,957600.0,1194000.0,837600.0,957600.0,758800.0,837600.0,680000.0,600000.0,600000.0,877600.0,600000.0,600000.0,600000.0,640000.0,1194000.0,600000.0,718800.0,1115200.0,640000.0,996400.0
2026-04-24,917600.0,1272800.0,916400.0,957600.0,718800.0,797600.0,680000.0,560000.0,560000.0,956400.0,560000.0,560000.0,560000.0,718800.0,1272800.0,560000.0,678800.0,1115200.0,600000.0,956400.0
2026-04-25,877600.0,1351600.0,995200.0,1036400.0,678800.0,876400.0,640000.0,520000.0,520000.0,1035200.0,520000.0,520000.0,520000.0,797600.0,1351600.0,520000.0,638800.0,1075200.0,560000.0,916400.0
2026-04-26,837600.0,1430400.0,1074000.0,1115200.0,638800.0,955200.0,600000.0,480000.0,480000.0,1114000.0,480000.0,480000.0,480000.0,876400.0,1430400.0,480000.0,598800.0,1035200.0,520000.0,876400.0
2026-04-27,797600.0,1509200.0,1152800.0,1194000.0,598800.0,1034000.0,560000.0,440000.0,440000.0,1192800.0,440000.0,440000.0,440000.0,955200.0,1509200.0,440000.0,558800.0,995200.0,480000.0,836400.0
2026-04-28,757600.0,1588000.0,1231600.0,1194000.0,558800.0,1112800.0,520000.0,400000.0,400000.0,1271600.0,400000.0,400000.0,400000.0,1034000.0,1588000.0,400000.0,518800.0,955200.0,440000.0,796400.0
2026-04-29,717600.0,1666800.0,1231600.0,1154000.0,518800.0,1191600.0,480000.0,360000.0,360000.0,1350400.0,360000.0,360000.0,360000.0,1112800.0,1666800.0,360000.0,478800.0,915200.0,400000.0,756400.0
2026-04-30,677600.0,1745600.0,1191600.0,1114000.0,478800.0,1270400.0,440000.0,320000.0,320000.0,1429200.0,320000.0,320000.0,320000.0,1191600.0,1745600.0,320000.0,438800.0,875200.0,360000.0,716400.0
2026-05-01,637600.0,1824400.0,1151600.0,1074000.0,438800.0,1349200.0,400000.0,280000.0,280000.0,1508000.0,280000.0,280000.0,280000.0,1270400.0,1824400.0,280000.0,398800.0,835200.0,320000.0,676400.0
2026-05-02,597600.0,1903200.0,1111600.0,1034000.0,398800.0,1428000.0,360000.0,240000.0,240000.0,1586800.0,240000.0,240000.0,240000.0,1349200.0,1903200.0,240000.0,358800.0,795200.0,280000.0,636400.0
2026-05-03,557600.0,1982000.0,1071600.0,994000.0,358800.0,1506800.0,320000.0,200000.0,200000.0,1665600.0,200000.0,200000.0,200000.0,1349200.0,1982000.0,200000.0,318800.0,755200.0,240000.0,596400.0
2026-05-04,517600.0,1999730.0,1031600.0,954000.0,318800.0,1585600.0,280000.0,160000.0,160000.0,1744400.0,160000.0,160000.0,160000.0,1428000.0,1999730.0,160000.0,278800.0,715200.0,200000.0,556400.0
2026-05-05,477600.0,1999995.95,991600.0,914000.0,278800.0,1664400.0,240000.0,120000.0,120000.0,1823200.0,120000.0,120000.0,120000.0,1428000.0,1999995.95,120000.0,238800.0,675200.0,160000.0,516400.0
2026-05-06,437600.0,1999999.93925,951600.0,874000.0,238800.0,1743200.0,200000.0,80000.0,80000.0,1902000.0,80000.0,80000.0,80000.0,1506800.0,1999999.93925,80000.0,198800.0,635200.0,120000.0,476400.0
2026-05-07,397600.0,1999999.99908875,911600.0,834000.0,198800.0,1822000.0,160000.0,40000.0,40000.0,1980800.0,40000.0,40000.0,40000.0,1585600.0,1999999.99908875,40000.0,158800.0,595200.0,80000.0,436400.0
2026-05-08,357600.0,1999999.9999863312,871600.0,794000.0,158800.0,1900800.0,120000.0,0.0,0.0,1999712.0,0.0,0.0,0.0,1664400.0,1999999.9999863312,0.0,118800.0,555200.0,40000.0,396400.0
2026-05-09,317600.0,1999999.9999997949,831600.0,754000.0,118800.0,1979600.0,80000.0,0.0,0.0,1999995.68,0.0,0.0,0.0,1743200.0,1999999.9999997949,0.0,78800.0,515200.0,0.0,356400.0
2026-05-10,277600.0,1999999.999999997,791600.0,714000.0,78800.0,1999694.0,40000.0,0.0,0.0,1999999.9352,0.0,0.0,0.0,1822000.0,1999999.999999997,0.0,38800.0,475200.0,0.0,316400.0
2026-05-11,237600.0,2000000.0,751600.0,674000.0,38800.0,1999995.41,0.0,0.0,0.0,1999999.999028,0.0,0.0,0.0,1900800.0,2000000.0,0.0,0.0,435200.0,0.0,276400.0
2026-05-12,197600.0,2000000.0,711600.0,634000.0,0.0,1999999.93115,0.0,0.0,0.0,1999999.99998542,0.0,0.0,0.0,1979600.0,2000000.0,0.0,0.0,395200.0,0.0,236400.0
2026-05-13,157600.0,2000000.0,671600.0,594000.0,0.0,1999999.99896725,0.0,0.0,0.0,1999999.9999997814,0.0,0.0,0.0,1999694.0,2000000.0,0.0,0.0,355200.0,0.0,196400.0
2026-05-14,117600.0,2000000.0,631600.0,554000.0,0.0,1999999.9999845088,0.0,0.0,0.0,1999999.9999999967,0.0,0.0,0.0,1999995.41,2000000.0,0.0,0.0,315200.0,0.0,156400.0
2026-05-15,77600.0,2000000.0,591600.0,514000.0,0.0,1999999.9999997676,0.0,0.0,0.0,2000000.0,0.0,0.0,0.0,1999999.93115,2000000.0,0.0,0.0,275200.0,0.0,116400.0
2026-05-16,37600.0,2000000.0,551600.0,474000.0,0.0,1999999.9999999965,0.0,0.0,0.0,2000000.0,0.0,0.0,0.0,1999999.99896725,2000000.0,0.0,0.0,235200.0,0.0,76400.0
2026-05-17,0.0,2000000.0,511600.0,434000.0,0.0,2000000.0,0.0,0.0,0.0,2000000.0,0.0,0.0,0.0,1999999.9999845088,2000000.0,0.0,0.0,195200.0,0.0,36400.0
2026-05-18,0.0,2000000.0,471600.0,394000.0,0.0,2000000.0,0.0,0.0,0.0,2000000.0,0.0,0.0,0.0,1999999.9999997676,2000000.0,0.0,0.0,155200.0,0.0,0.0
2026-05-19,0.0,2000000.0,431600.0,354000.0,0.0,1960000.0,78800.0,0.0,0.0,2000000.0,0.0,0.0,0.0,1999999.9999999965,2000000.0,0.0,0.0,115200.0,0.0,0.0
2026-05-20,0.0,2000000.0,391600.0,314000.0,0.0,1920000.0,157600.0,0.0,0.0,2000000.0,0.0,0.0,0.0,2000000.0,2000000.0,0.0,0.0,75200.0,0.0,0.0
2026-05-21,0.0,2000000.0,351600.0,274000.0,0.0,1880000.0,236400.0,0.0,0.0,2000000.0,0.0,0.0,0.0,2000000.0,2000000.0,0.0,0.0,35200.0,0.0,0.0
2026-05-22,0.0,2000000.0,311600.0,234000.0,0.0,1840000.0,315200.0,0.0,0.0,2000000.0,0.0,0.0,0.0,1960000.0,2000000.0,0.0,0.0,0.0,0.0,0.0
2026-05-23,0.0,2000000.0,271600.0,194000.0,0.0,1800000.0,275200.0,0.0,0.0,2000000.0,0.0,0.0,0.0,1999400.0,2000000.0,0.0,0.0,0.0,0.0,0.0
2026-05-24,0.0,2000000.0,231600.0,154000.0,0.0,1760000.0,275200.0,0.0,0.0,2000000.0,0.0,0.0,0.0,1999991.0,2000000.0,0.0,0.0,0.0,0.0,0.0
2026-05-25,0.0,2000000.0,191600.0,114000.0,0.0,1720000.0,235200.0,0.0,0.0,2000000.0,0.0,0.0,0.0,1999999.865,2000000.0,0.0,0.0,0.0,0.0,0.0
2026-05-26,0.0,2000000.0,151600.0,74000.0,0.0,1680000.0,195200.0,0.0,0.0,2000000.0,0.0,0.0,0.0,1999999.997975,2000000.0,0.0,0.0,0.0,0.0,0.0
2026-05-27,0.0,2000000.0,111600.0,34000.0,0.0,1640000.0,195200.0,0.0,0.0,2000000.0,0.0,0.0,0.0,1999999.999969625,2000000.0,0.0,0.0,0.0,0.0,0.0
2026-05-28,0.0,2000000.0,71600.0,0.0,0.0,1640000.0,195200.0,78800.0,0.0,2000000.0,0.0,0.0,0.0,1999999.9999995444,2000000.0,0.0,0.0,0.0,0.0,0.0
2026-05-29,0.0,2000000.0,31600.0,0.0,0.0,1718800.0,155200.0,78800.0,0.0,2000000.0,0.0,0.0,0.0,1999999.9999999932,2000000.0,0.0,0.0,0.0,0.0,0.0
2026-05-30,0.0,2000000.0,0.0,0.0,0.0,1797600.0,115200.0,38800.0,0.0,2000000.0,0.0,0.0,0.0,2000000.0,2000000.0,0.0,0.0,0.0,0.0,0.0
2026-05-31,0.0,2000000.0,0.0,0.0,0.0,1757600.0,75200.0,0.0,0.0,2000000.0,0.0,0.0,0.0,2000000.0,2000000.0,0.0,0.0,0.0,0.0,0.0
2026-06-01,0.0,2000000.0,0.0,0.0,0.0,1717600.0,35200.0,0.0,0.0,2000000.0,0.0,0.0,0.0,2000000.0,2000000.0,0.0,0.0,0.0,0.0,0.0
2026-06-02,0.0,2000000.0,0.0,0.0,0.0,1677600.0,35200.0,0.0,0.0,2000000.0,0.0,0.0,0.0,2000000.0,2000000.0,0.0,0.0,0.0,0.0,0.0
2026-06-03,0.0,2000000.0,0.0,0.0,0.0,1637600.0,114000.0,0.0,0.0,2000000.0,0.0,0.0,0.0,1960000.0,2000000.0,0.0,0.0,0.0,0.0,0.0
2026-06-04,0.0,2000000.0,0.0,0.0,0.0,1597600.0,74000.0,0.0,0.0,2000000.0,0.0,0.0,0.0,1920000.0,2000000.0,0.0,0.0,0.0,0.0,0.0
2026-06-05,0.0,2000000.0,0.0,0.0,0.0,1557600.0,34000.0,0.0,0.0,2000000.0,0.0,0.0,0.0,1880000.0,2000000.0,0.0,0.0,0.0,0.0,0.0
2026-06-06,0.0,2000000.0,0.0,0.0,0.0,1517600.0,0.0,0.0,0.0,2000000.0,0.0,0.0,0.0,1840000.0,2000000.0,0.0,0.0,0.0,0.0,0.0
2026-06-07,0.0,2000000.0,0.0,0.0,0.0,1477600.0,0.0,0.0,0.0,2000000.0,0.0,0.0,0.0,1800000.0,2000000.0,0.0,0.0,0.0,0.0,0.0
2026-06-08,0.0,2000000.0,0.0,0.0,0.0,1437600.0,0.0,0.0,0.0,2000000.0,0.0,0.0,0.0,1760000.0,2000000.0,0.0,0.0,0.0,0.0,0.0
2026-06-09,0.0,2000000.0,0.0,0.0,0.0,1397600.0,0.0,0.0,0.0,2000000.0,0.0,0.0,0.0,1720000.0,2000000.0,0.0,0.0,0.0,0.0,0.0
2026-06-10,0.0,2000000.0,0.0,0.0,0.0,1357600.0,0.0,0.0,0.0,2000000.0,0.0,78800.0,0.0,1680000.0,2000000.0,0.0,0.0,0.0,0.0,0.0
2026-06-11,0.0,2000000.0,0.0,0.0,0.0,1317600.0,0.0,0.0,0.0,2000000.0,0.0,38800.0,0.0,1640000.0,2000000.0,0.0,0.0,0.0,0.0,0.0
2026-06-12,0.0,2000000.0,0.0,0.0,0.0,1277600.0,0.0,0.0,0.0,2000000.0,0.0,0.0,0.0,1600000.0,2000000.0,0.0,0.0,0.0,0.0,0.0
2026-06-13,0.0,2000000.0,0.0,0.0,0.0,1237600.0,0.0,0.0,0.0,2000000.0,0.0,0.0,0.0,1560000.0,2000000.0,0.0,0.0,0.0,0.0,0.0
2026-06-14,0.0,2000000.0,0.0,0.0,0.0,1197600.0,0.0,0.0,0.0,2000000.0,0.0,0.0,0.0,1520000.0,2000000.0,0.0,0.0,0.0,0.0,0.0
2026-06-15,0.0,2000000.0,0.0,0.0,0.0,1157600.0,0.0,0.0,0.0,2000000.0,0.0,0.0,0.0,1480000.0,2000000.0,0.0,0.0,0.0,0.0,0.0
2026-06-16,0.0,2000000.0,0.0,0.0,0.0,1117600.0,0.0,0.0,0.0,2000000.0,0.0,0.0,0.0,1440000.0,2000000.0,0.0,0.0,0.0,0.0,0.0
2026-06-17,0.0,2000000.0,0.0,0.0,0.0,1077600.0,0.0,0.0,0.0,2000000.0,0.0,0.0,0.0,1400000.0,2000000.0,0.0,0.0,0.0,0.0,0.0
2026-06-18,0.0,2000000.0,0.0,0.0,0.0,1037600.0,0.0,0.0,0.0,2000000.0,0.0,0.0,0.0,1360000.0,2000000.0,0.0,0.0,0.0,0.0,0.0
2026-06-19,0.0,2000000.0,0.0,0.0,0.0,997600.0,0.0,0.0,0.0,2000000.0,0.0,0.0,0.0,1320000.0,2000000.0,0.0,0.0,0.0,0.0,0.0
2026-06-20,0.0,2000000.0,0.0,0.0,0.0,957600.0,0.0,0.0,0.0,2000000.0,0.0,0.0,0.0,1280000.0,2000000.0,0.0,0.0,0.0,0.0,0.0
2026-06-21,0.0,2000000.0,0.0,0.0,0.0,917600.0,0.0,0.0,0.0,2000000.0,0.0,0.0,0.0,1240000.0,2000000.0,0.0,0.0,0.0,0.0,0.0
2026-06-22,0.0,2000000.0,0.0,0.0,78800.0,877600.0,0.0,0.0,0.0,2000000.0,0.0,0.0,0.0,1200000.0,2000000.0,0.0,0.0,0.0,0.0,0.0
2026-06-23,0.0,2000000.0,0.0,0.0,157600.0,837600.0,0.0,0.0,0.0,2000000.0,0.0,78800.0,0.0,1160000.0,2000000.0,0.0,0.0,0.0,0.0,0.0
2026-06-24,0.0,2000000.0,0.0,0.0,117600.0,797600.0,0.0,0.0,0.0,2000000.0,0.0,157600.0,0.0,1120000.0,2000000.0,0.0,0.0,0.0,0.0,0.0
2026-06-25,0.0,2000000.0,0.0,0.0,196400.0,757600.0,0.0,0.0,0.0,2000000.0,0.0,117600.0,0.0,1080000.0,2000000.0,0.0,0.0,0.0,0.0,0.0
2026-06-26,0.0,2000000.0,0.0,0.0,275200.0,717600.0,0.0,0.0,0.0,2000000.0,0.0,77600.0,0.0,1040000.0,2000000.0,0.0,0.0,0.0,0.0,0.0
2026-06-27,0.0,2000000.0,0.0,0.0,354000.0,677600.0,0.0,0.0,0.0,2000000.0,0.0,37600.0,0.0,1000000.0,2000000.0,0.0,0.0,0.0,0.0,0.0
2026-06-28,0.0,1960000.0,0.0,0.0,432800.0,637600.0,0.0,0.0,0.0,2000000.0,0.0,0.0,0.0,960000.0,2000000.0,0.0,0.0,0.0,0.0,0.0
2026-06-29,0.0,1920000.0,0.0,0.0,392800.0,597600.0,0.0,0.0,0.0,2000000.0,0.0,0.0,0.0,920000.0,2000000.0,0.0,0.0,0.0,0.0,0.0
2026-06-30,0.0,1880000.0,0.0,0.0,352800.0,557600.0,0.0,0.0,0.0,2000000.0,0.0,0.0,0.0,880000.0,2000000.0,0.0,0.0,0.0,0.0,0.0
2026-07-01,0.0,1880000.0,0.0,0.0,352800.0,517600.0,0.0,0.0,0.0,2000000.0,0.0,0.0,0.0,840000.0,2000000.0,0.0,0.0,0.0,0.0,0.0
2026-07-02,0.0,1958800.0,0.0,0.0,312800.0,477600.0,0.0,0.0,0.0,2000000.0,0.0,0.0,0.0,800000.0,2000000.0,0.0,0.0,0.0,0.0,0.0
2026-07-03,0.0,1999382.0,0.0,0.0,272800.0,437600.0,0.0,0.0,0.0,2000000.0,0.0,0.0,0.0,760000.0,2000000.0,0.0,0.0,0.0,0.0,0.0
2026-07-04,0.0,1999990.73,0.0,0.0,232800.0,397600.0,0.0,0.0,0.0,2000000.0,0.0,0.0,0.0,720000.0,2000000.0,0.0,0.0,0.0,0.0,0.0
2026-07-05,0.0,1999999.86095,0.0,0.0,192800.0,357600.0,0.0,0.0,0.0,2000000.0,0.0,0.0,0.0,680000.0,2000000.0,0.0,0.0,0.0,0.0,0.0
2026-07-06,0.0,1999999.99791425,0.0,0.0,271600.0,317600.0,0.0,0.0,0.0,2000000.0,0.0,0.0,0.0,640000.0,2000000.0,0.0,0.0,0.0,0.0,0.0
2026-07-07,0.0,1999999.9999687138,0.0,0.0,350400.0,277600.0,0.0,0.0,0.0,2000000.0,0.0,0.0,0.0,600000.0,2000000.0,0.0,0.0,0.0,0.0,0.0
2026-07-08,0.0,1999999.9999995306,0.0,0.0,429200.0,237600.0,0.0,0.0,0.0,2000000.0,0.0,0.0,0.0,560000.0,2000000.0,0.0,0.0,0.0,0.0,0.0
2026-07-09,0.0,1999999.999999993,0.0,0.0,508000.0,197600.0,0.0,0.0,0.0,2000000.0,0.0,0.0,0.0,520000.0,2000000.0,0.0,0.0,0.0,0.0,0.0
2026-07-10,0.0,2000000.0,0.0,0.0,586800.0,157600.0,0.0,0.0,0.0,2000000.0,0.0,0.0,0.0,480000.0,2000000.0,0.0,0.0,0.0,0.0,0.0
2026-07-11,0.0,2000000.0,0.0,0.0,665600.0,117600.0,0.0,0.0,0.0,2000000.0,0.0,0.0,0.0,440000.0,2000000.0,0.0,0.0,0.0,0.0,0.0
2026-07-12,0.0,2000000.0,0.0,0.0,744400.0,77600.0,0.0,0.0,0.0,2000000.0,0.0,0.0,0.0,400000.0,2000000.0,0.0,0.0,0.0,0.0,0.0
2026-07-13,0.0,2000000.0,0.0,0.0,704400.0,37600.0,0.0,0.0,0.0,2000000.0,0.0,0.0,0.0,360000.0,2000000.0,0.0,0.0,0.0,0.0,0.0
2026-07-14,0.0,2000000.0,0.0,0.0,664400.0,0.0,0.0,78800.0,0.0,2000000.0,0.0,0.0,0.0,320000.0,2000000.0,0.0,0.0,0.0,0.0,0.0
2026-07-15,0.0,2000000.0,0.0,0.0,624400.0,0.0,0.0,157600.0,0.0,2000000.0,0.0,0.0,0.0,280000.0,2000000.0,0.0,0.0,0.0,0.0,0.0
2026-07-16,78800.0,2000000.0,0.0,0.0,584400.0,0.0,0.0,236400.0,0.0,1960000.0,0.0,0.0,0.0,240000.0,2000000.0,0.0,0.0,0.0,0.0,0.0
2026-07-17,157600.0,2000000.0,0.0,0.0,544400.0,0.0,0.0,315200.0,0.0,1920000.0,0.0,0.0,0.0,200000.0,2000000.0,0.0,0.0,0.0,0.0,0.0
2026-07-18,236400.0,2000000.0,0.0,0.0,504400.0,0.0,0.0,394000.0,0.0,1880000.0,0.0,0.0,0.0,160000.0,2000000.0,0.0,0.0,0.0,0.0,0.0
2026-07-19,196400.0,2000000.0,0.0,0.0,464400.0,0.0,0.0,472800.0,0.0,1840000.0,0.0,0.0,0.0,120000.0,2000000.0,0.0,0.0,0.0,0.0,0.0
2026-07-20,156400.0,2000000.0,0.0,0.0,424400.0,0.0,0.0,551600.0,0.0,1800000.0,0.0,0.0,0.0,80000.0,2000000.0,0.0,0.0,0.0,0.0,0.0
2026-07-21,116400.0,2000000.0,0.0,0.0,384400.0,0.0,0.0,630400.0,0.0,1760000.0,0.0,0.0,0.0,40000.0,2000000.0,0.0,0.0,0.0,0.0,0.0
2026-07-22,76400.0,2000000.0,0.0,0.0,463200.0,0.0,0.0,709200.0,0.0,1720000.0,0.0,0.0,0.0,0.0,2000000.0,0.0,0.0,0.0,0.0,0.0
2026-07-23,36400.0,2000000.0,0.0,0.0,542000.0,0.0,0.0,788000.0,0.0,1680000.0,0.0,0.0,0.0,0.0,2000000.0,0.0,0.0,0.0,78800.0,0.0
2026-07-24,0.0,2000000.0,0.0,0.0,620800.0,0.0,0.0,866800.0,0.0,1758800.0,0.0,0.0,0.0,0.0,2000000.0,0.0,0.0,0.0,78800.0,0.0
2026-07-25,0.0,2000000.0,0.0,0.0,699600.0,0.0,0.0,945600.0,0.0,1718800.0,0.0,0.0,0.0,0.0,2000000.0,0.0,0.0,0.0,38800.0,0.0
2026-07-26,0.0,2000000.0,0.0,0.0,699600.0,0.0,0.0,1024400.0,0.0,1718800.0,0.0,0.0,0.0,0.0,2000000.0,0.0,0.0,0.0,0.0,0.0
2026-07-27,0.0,2000000.0,0.0,0.0,659600.0,0.0,0.0,1103200.0,0.0,1678800.0,0.0,0.0,0.0,0.0,2000000.0,0.0,0.0,0.0,78800.0,0.0
2026-07-28,0.0,2000000.0,0.0,0.0,659600.0,0.0,0.0,1182000.0,0.0,1638800.0,0.0,0.0,0.0,0.0,2000000.0,0.0,0.0,0.0,157600.0,0.0
2026-07-29,0.0,2000000.0,0.0,0.0,659600.0,0.0,0.0,1260800.0,0.0,1598800.0,0.0,0.0,0.0,0.0,2000000.0,0.0,0.0,0.0,236400.0,0.0
2026-07-30,0.0,2000000.0,0.0,0.0,738400.0,0.0,0.0,1339600.0,0.0,1558800.0,0.0,0.0,0.0,0.0,2000000.0,0.0,0.0,0.0,315200.0,0.0
2026-07-31,78800.0,2000000.0,0.0,0.0,817200.0,0.0,0.0,1418400.0,0.0,1518800.0,0.0,0.0,0.0,0.0,2000000.0,0.0,0.0,0.0,394000.0,0.0
2026-08-01,78800.0,2000000.0,0.0,0.0,817200.0,0.0,0.0,1497200.0,0.0,1478800.0,0.0,0.0,0.0,0.0,2000000.0,0.0,0.0,0.0,472800.0,0.0
2026-08-02,78800.0,2000000.0,0.0,0.0,777200.0,0.0,0.0,1576000.0,0.0,1438800.0,0.0,0.0,0.0,0.0,2000000.0,0.0,0.0,0.0,551600.0,0.0
2026-08-03,38800.0,2000000.0,0.0,0.0,856000.0,0.0,0.0,1654800.0,0.0,1398800.0,0.0,0.0,0.0,0.0,2000000.0,0.0,0.0,0.0,630400.0,0.0
2026-08-04,0.0,2000000.0,0.0,0.0,856000.0,0.0,0.0,1733600.0,0.0,1358800.0,0.0,0.0,0.0,0.0,2000000.0,0.0,0.0,0.0,709200.0,0.0
2026-08-05,0.0,2000000.0,0.0,0.0,816000.0,0.0,0.0,1812400.0,0.0,1318800.0,0.0,0.0,0.0,0.0,2000000.0,0.0,0.0,0.0,788000.0,0.0
2026-08-06,0.0,2000000.0,0.0,0.0,894800.0,0.0,0.0,1891200.0,0.0,1278800.0,0.0,0.0,0.0,0.0,2000000.0,0.0,0.0,0.0,866800.0,0.0
2026-08-07,0.0,2000000.0,0.0,0.0,973600.0,0.0,0.0,1970000.0,0.0,1238800.0,0.0,0.0,0.0,0.0,2000000.0,0.0,0.0,0.0,945600.0,0.0
2026-08-08,0.0,2000000.0,0.0,0.0,1052400.0,0.0,0.0,1999550.0,0.0,1198800.0,0.0,0.0,0.0,0.0,2000000.0,0.0,0.0,0.0,1024400.0,0.0
2026-08-09,0.0,2000000.0,0.0,0.0,1131200.0,0.0,0.0,1999993.25,0.0,1158800.0,0.0,0.0,0.0,0.0,2000000.0,0.0,0.0,0.0,1103200.0,0.0
2026-08-10,0.0,2000000.0,0.0,0.0,1210000.0,0.0,0.0,1999999.89875,0.0,1118800.0,0.0,0.0,0.0,0.0,2000000.0,0.0,0.0,0.0,1182000.0,0.0
2026-08-11,0.0,2000000.0,0.0,0.0,1288800.0,0.0,0.0,1999999.99848125,0.0,1078800.0,0.0,0.0,0.0,0.0,2000000.0,0.0,0.0,0.0,1260800.0,0.0
2026-08-12,0.0,2000000.0,0.0,0.0,1367600.0,0.0,0.0,1999999.9999772187,0.0,1038800.0,0.0,0.0,0.0,0.0,2000000.0,0.0,0.0,0.0,1339600.0,0.0
2026-08-13,0.0,2000000.0,0.0,0.0,1327600.0,0.0,0.0,1999999.9999996582,0.0,998800.0,0.0,0.0,0.0,0.0,2000000.0,0.0,0.0,0.0,1418400.0,0.0
2026-08-14,0.0,2000000.0,0.0,0.0,1287600.0,0.0,0.0,1999999.9999999949,0.0,958800.0,0.0,0.0,0.0,0.0,2000000.0,0.0,0.0,0.0,1497200.0,0.0
2026-08-15,0.0,2000000.0,0.0,0.0,1287600.0,0.0,0.0,2000000.0,0.0,918800.0,0.0,0.0,0.0,0.0,2000000.0,0.0,0.0,0.0,1576000.0,0.0
2026-08-16,0.0,2000000.0,0.0,0.0,1287600.0,0.0,0.0,2000000.0,0.0,878800.0,0.0,0.0,0.0,0.0,2000000.0,0.0,0.0,0.0,1654800.0,0.0
2026-08-17,0.0,2000000.0,0.0,0.0,1287600.0,0.0,0.0,2000000.0,0.0,838800.0,0.0,0.0,0.0,0.0,2000000.0,0.0,0.0,0.0,1733600.0,0.0
2026-08-18,0.0,2000000.0,0.0,0.0,1366400.0,0.0,0.0,2000000.0,0.0,798800.0,0.0,78800.0,0.0,0.0,2000000.0,0.0,0.0,0.0,1812400.0,0.0
2026-08-19,0.0,2000000.0,0.0,0.0,1445200.0,0.0,0.0,2000000.0,0.0,758800.0,0.0,157600.0,0.0,0.0,2000000.0,0.0,0.0,0.0,1891200.0,0.0
2026-08-20,0.0,2000000.0,0.0,0.0,1524000.0,0.0,0.0,2000000.0,0.0,718800.0,0.0,236400.0,0.0,0.0,2000000.0,0.0,0.0,0.0,1970000.0,0.0
2026-08-21,0.0,2000000.0,0.0,0.0,1602800.0,0.0,0.0,2000000.0,0.0,678800.0,0.0,315200.0,0.0,0.0,2000000.0,0.0,0.0,0.0,1999550.0,0.0
2026-08-22,0.0,2000000.0,0.0,0.0,1681600.0,0.0,0.0,2000000.0,0.0,638800.0,0.0,394000.0,0.0,0.0,2000000.0,0.0,0.0,0.0,1999993.25,0.0
2026-08-23,0.0,2000000.0,0.0,0.0,1760400.0,0.0,0.0,2000000.0,0.0,598800.0,0.0,472800.0,0.0,0.0,2000000.0,0.0,0.0,0.0,1999999.89875,0.0
2026-08-24,0.0,2000000.0,0.0,0.0,1839200.0,0.0,0.0,2000000.0,0.0,558800.0,0.0,551600.0,0.0,0.0,2000000.0,0.0,0.0,0.0,1999999.99848125,0.0
2026-08-25,0.0,2000000.0,0.0,0.0,1918000.0,0.0,0.0,2000000.0,0.0,518800.0,0.0,630400.0,0.0,0.0,2000000.0,0.0,0.0,0.0,1999999.9999772187,0.0
2026-08-26,0.0,2000000.0,0.0,0.0,1996800.0,0.0,0.0,2000000.0,0.0,478800.0,0.0,709200.0,0.0,0.0,2000000.0,0.0,0.0,0.0,1999999.9999996582,0.0
2026-08-27,78800.0,2000000.0,0.0,0.0,1999952.0,0.0,0.0,2000000.0,0.0,438800.0,0.0,788000.0,0.0,0.0,2000000.0,0.0,0.0,0.0,1999999.9999999949,0.0
2026-08-28,157600.0,2000000.0,0.0,0.0,1999999.28,0.0,0.0,2000000.0,0.0,398800.0,0.0,866800.0,0.0,0.0,2000000.0,0.0,0.0,0.0,2000000.0,0.0
2026-08-29,236400.0,2000000.0,0.0,0.0,1999999.9892,0.0,0.0,2000000.0,0.0,358800.0,0.0,945600.0,0.0,0.0,2000000.0,0.0,0.0,0.0,2000000.0,0.0
2026-08-30,315200.0,2000000.0,0.0,0.0,1999999.999838,0.0,0.0,2000000.0,0.0,318800.0,0.0,1024400.0,0.0,0.0,2000000.0,0.0,0.0,0.0,2000000.0,0.0
2026-08-31,394000.0,2000000.0,0.0,0.0,1999999.99999757,0.0,0.0,2000000.0,0.0,278800.0,0.0,1103200.0,0.0,0.0,2000000.0,0.0,0.0,0.0,2000000.0,0.0
2026-09-01,472800.0,2000000.0,0.0,0.0,1999999.9999999634,0.0,0.0,2000000.0,0.0,278800.0,0.0,1182000.0,0.0,0.0,2000000.0,0.0,0.0,0.0,2000000.0,0.0
2026-09-02,551600.0,2000000.0,0.0,0.0,1999999.9999999995,0.0,0.0,2000000.0,0.0,357600.0,0.0,1260800.0,0.0,0.0,2000000.0,0.0,0.0,0.0,2000000.0,0.0
2026-09-03,630400.0,2000000.0,0.0,0.0,2000000.0,0.0,0.0,2000000.0,0.0,436400.0,0.0,1339600.0,0.0,0.0,2000000.0,0.0,0.0,0.0,2000000.0,0.0
2026-09-04,709200.0,2000000.0,0.0,78800.0,2000000.0,0.0,0.0,2000000.0,0.0,515200.0,0.0,1418400.0,0.0,0.0,2000000.0,0.0,0.0,0.0,2000000.0,0.0
2026-09-05,788000.0,2000000.0,0.0,157600.0,2000000.0,0.0,0.0,2000000.0,0.0,594000.0,0.0,1497200.0,0.0,0.0,2000000.0,0.0,0.0,0.0,2000000.0,0.0
2026-09-06,866800.0,2000000.0,0.0,236400.0,2000000.0,0.0,0.0,2000000.0,0.0,672800.0,0.0,1576000.0,0.0,0.0,2000000.0,0.0,0.0,0.0,2000000.0,0.0
2026-09-07,945600.0,2000000.0,0.0,196400.0,2000000.0,0.0,0.0,2000000.0,0.0,751600.0,0.0,1654800.0,0.0,0.0,2000000.0,0.0,0.0,0.0,2000000.0,0.0
2026-09-08,1024400.0,2000000.0,0.0,156400.0,2000000.0,0.0,0.0,2000000.0,0.0,830400.0,0.0,1733600.0,0.0,0.0,2000000.0,0.0,0.0,0.0,2000000.0,0.0
2026-09-09,1103200.0,2000000.0,0.0,116400.0,2000000.0,0.0,0.0,2000000.0,0.0,909200.0,0.0,1812400.0,0.0,0.0,2000000.0,0.0,0.0,0.0,2000000.0,0.0
2026-09-10,1182000.0,2000000.0,0.0,76400.0,2000000.0,0.0,0.0,2000000.0,0.0,988000.0,0.0,1891200.0,0.0,0.0,2000000.0,0.0,0.0,0.0,2000000.0,0.0
2026-09-11,1260800.0,2000000.0,0.0,36400.0,2000000.0,0.0,0.0,2000000.0,0.0,1066800.0,0.0,1970000.0,0.0,0.0,2000000.0,0.0,0.0,0.0,2000000.0,0.0
2026-09-12,1339600.0,2000000.0,0.0,0.0,2000000.0,0.0,0.0,2000000.0,0.0,1145600.0,0.0,1999550.0,0.0,0.0,2000000.0,0.0,0.0,0.0,2000000.0,0.0
2026-09-13,1418400.0,2000000.0,0.0,0.0,2000000.0,0.0,0.0,2000000.0,0.0,1224400.0,0.0,1999993.25,0.0,0.0,2000000.0,0.0,0.0,0.0,2000000.0,0.0
2026-09-14,1497200.0,2000000.0,0.0,0.0,2000000.0,0.0,0.0,2000000.0,0.0,1303200.0,0.0,1999999.89875,0.0,0.0,2000000.0,0.0,0.0,0.0,2000000.0,0.0
2026-09-15,1576000.0,2000000.0,0.0,0.0,2000000.0,0.0,0.0,2000000.0,0.0,1382000.0,0.0,1999999.99848125,0.0,0.0,2000000.0,0.0,0.0,0.0,2000000.0,0.0
2026-09-16,1654800.0,2000000.0,0.0,0.0,2000000.0,0.0,0.0,2000000.0,0.0,1460800.0,0.0,1999999.9999772187,0.0,0.0,2000000.0,0.0,0.0,0.0,2000000.0,0.0
2026-09-17,1733600.0,2000000.0,0.0,0.0,2000000.0,0.0,0.0,2000000.0,0.0,1539600.0,78800.0,1999999.9999996582,0.0,0.0,2000000.0,0.0,0.0,0.0,2000000.0,0.0
2026-09-18,1812400.0,2000000.0,0.0,0.0,2000000.0,0.0,0.0,2000000.0,0.0,1618400.0,157600.0,1999999.9999999949,0.0,0.0,2000000.0,0.0,0.0,0.0,2000000.0,0.0
2026-09-19,1891200.0,2000000.0,0.0,0.0,2000000.0,0.0,0.0,2000000.0,0.0,1697200.0,236400.0,2000000.0,0.0,0.0,2000000.0,0.0,0.0,0.0,2000000.0,0.0
2026-09-20,1970000.0,2000000.0,0.0,0.0,2000000.0,0.0,0.0,2000000.0,0.0,1776000.0,196400.0,2000000.0,0.0,0.0,2000000.0,0.0,0.0,0.0,2000000.0,0.0
2026-09-21,1999550.0,2000000.0,0.0,0.0,2000000.0,0.0,0.0,2000000.0,0.0,1854800.0,156400.0,2000000.0,0.0,0.0,2000000.0,0.0,0.0,0.0,2000000.0,0.0
2026-09-22,1999993.25,2000000.0,0.0,0.0,2000000.0,0.0,0.0,2000000.0,0.0,1933600.0,116400.0,2000000.0,0.0,0.0,2000000.0,0.0,0.0,0.0,2000000.0,0.0
2026-09-23,1999999.89875,2000000.0,0.0,0.0,2000000.0,0.0,0.0,2000000.0,0.0,1999004.0,76400.0,2000000.0,0.0,0.0,2000000.0,0.0,0.0,0.0,2000000.0,0.0
2026-09-24,1999999.99848125,2000000.0,0.0,0.0,2000000.0,0.0,0.0,2000000.0,0.0,1999985.06,36400.0,2000000.0,0.0,0.0,2000000.0,0.0,0.0,0.0,2000000.0,0.0
2026-09-25,1999999.9999772187,2000000.0,0.0,0.0,2000000.0,0.0,0.0,2000000.0,0.0,1999999.7759,0.0,2000000.0,0.0,0.0,2000000.0,0.0,0.0,0.0,2000000.0,0.0
2026-09-26,1999999.9999996582,2000000.0,0.0,0.0,2000000.0,0.0,0.0,2000000.0,0.0,1999999.9966385,0.0,2000000.0,0.0,0.0,2000000.0,0.0,0.0,0.0,2000000.0,0.0
2026-09-27,1999999.9999999949,2000000.0,0.0,0.0,2000000.0,0.0,0.0,2000000.0,0.0,1999999.9999495775,0.0,2000000.0,0.0,0.0,2000000.0,0.0,0.0,0.0,2000000.0,0.0
2026-09-28,2000000.0,2000000.0,0.0,0.0,2000000.0,0.0,0.0,2000000.0,0.0,1999999.9999992438,0.0,2000000.0,0.0,0.0,2000000.0,0.0,0.0,0.0,2000000.0,0.0
2026-09-29,2000000.0,2000000.0,0.0,0.0,2000000.0,0.0,0.0,2000000.0,0.0,1999999.9999999886,0.0,2000000.0,0.0,0.0,2000000.0,0.0,0.0,0.0,2000000.0,0.0
2026-09-30,2000000.0,2000000.0,0.0,0.0,2000000.0,0.0,0.0,2000000.0,0.0,1999999.9999999998,0.0,2000000.0,0.0,0.0,2000000.0,0.0,0.0,0.0,2000000.0,0.0
2026-10-01,2000000.0,2000000.0,0.0,0.0,2000000.0,0.0,0.0,2000000.0,0.0,2000000.0,0.0,2000000.0,0.0,0.0,2000000.0,0.0,0.0,0.0,2000000.0,0.0
2026-10-02,2000000.0,2000000.0,0.0,0.0,2000000.0,0.0,0.0,2000000.0,0.0,2000000.0,0.0,2000000.0,0.0,0.0,2000000.0,0.0,0.0,0.0,2000000.0,0.0
2026-10-03,2000000.0,2000000.0,0.0,0.0,2000000.0,0.0,0.0,2000000.0,0.0,2000000.0,0.0,2000000.0,0.0,0.0,2000000.0,19700.0,0.0,0.0,2000000.0,0.0
2026-10-04,2000000.0,2000000.0,0.0,0.0,2000000.0,0.0,0.0,2000000.0,0.0,2000000.0,0.0,2000000.0,0.0,0.0,2000000.0,39400.0,0.0,0.0,2000000.0,0.0
2026-10-05,2000000.0,2000000.0,0.0,0.0,2000000.0,0.0,0.0,2000000.0,0.0,2000000.0,0.0,2000000.0,0.0,0.0,2000000.0,59100.0,0.0,0.0,2000000.0,0.0
2026-10-06,2000000.0,2000000.0,0.0,0.0,2000000.0,0.0,0.0,2000000.0,0.0,2000000.0,0.0,2000000.0,0.0,0.0,2000000.0,78800.0,0.0,0.0,2000000.0,0.0
2026-10-07,2000000.0,2000000.0,0.0,0.0,2000000.0,0.0,0.0,2000000.0,0.0,2000000.0,0.0,2000000.0,0.0,0.0,2000000.0,98500.0,0.0,0.0,2000000.0,0.0
2026-10-08,2000000.0,2000000.0,0.0,0.0,2000000.0,0.0,0.0,2000000.0,0.0,2000000.0,0.0,2000000.0,0.0,0.0,2000000.0,118200.0,0.0,0.0,2000000.0,0.0
2026-10-09,2000000.0,2000000.0,0.0,0.0,2000000.0,0.0,0.0,2000000.0,0.0,2000000.0,0.0,2000000.0,0.0,0.0,2000000.0,137900.0,0.0,0.0,2000000.0,0.0
2026-10-10,2000000.0,2000000.0,0.0,0.0,2000000.0,0.0,0.0,2000000.0,0.0,2000000.0,0.0,2000000.0,0.0,0.0,2000000.0,17900.0,0.0,0.0,2000000.0,0.0
2026-10-11,2000000.0,2000000.0,0.0,0.0,2000000.0,0.0,0.0,2000000.0,0.0,2000000.0,0.0,2000000.0,0.0,0.0,2000000.0,0.0,0.0,0.0,2000000.0,0.0
2026-10-12,2000000.0,2000000.0,0.0,0.0,2000000.0,0.0,0.0,2000000.0,0.0,2000000.0,0.0,2000000.0,0.0,0.0,2000000.0,0.0,0.0,19700.0,2000000.0,0.0
2026-10-13,2000000.0,2000000.0,0.0,0.0,2000000.0,0.0,0.0,2000000.0,0.0,2000000.0,0.0,2000000.0,0.0,0.0,2000000.0,0.0,0.0,39400.0,2000000.0,0.0
2026-10-14,2000000.0,2000000.0,0.0,0.0,2000000.0,0.0,0.0,2000000.0,0.0,2000000.0,0.0,2000000.0,0.0,0.0,2000000.0,19700.0,0.0,59100.0,2000000.0,0.0
2026-10-15,2000000.0,2000000.0,0.0,0.0,2000000.0,0.0,0.0,2000000.0,0.0,2000000.0,0.0,2000000.0,0.0,0.0,2000000.0,19700.0,0.0,78800.0,2000000.0,0.0
2026-10-16,2000000.0,2000000.0,0.0,0.0,2000000.0,0.0,0.0,2000000.0,0.0,2000000.0,0.0,2000000.0,0.0,0.0,2000000.0,0.0,0.0,98500.0,2000000.0,0.0
2026-10-17,2000000.0,2000000.0,0.0,0.0,2000000.0,0.0,0.0,2000000.0,0.0,2000000.0,0.0,2000000.0,0.0,0.0,2000000.0,0.0,0.0,118200.0,2000000.0,0.0
2026-10-18,2000000.0,2000000.0,0.0,0.0,2000000.0,19700.0,0.0,2000000.0,0.0,2000000.0,0.0,2000000.0,0.0,0.0,2000000.0,0.0,0.0,137900.0,2000000.0,0.0
2026-10-19,2000000.0,2000000.0,0.0,0.0,2000000.0,39400.0,0.0,2000000.0,0.0,2000000.0,0.0,2000000.0,0.0,0.0,2000000.0,0.0,0.0,157600.0,2000000.0,0.0
2026-10-20,2000000.0,2000000.0,0.0,0.0,2000000.0,59100.0,0.0,2000000.0,0.0,2000000.0,0.0,2000000.0,0.0,0.0,2000000.0,0.0,0.0,177300.0,2000000.0,0.0
2026-10-21,2000000.0,2000000.0,0.0,0.0,2000000.0,78800.0,0.0,2000000.0,0.0,2000000.0,0.0,2000000.0,0.0,0.0,2000000.0,19700.0,0.0,197000.0,2000000.0,0.0
2026-10-22,2000000.0,2000000.0,0.0,0.0,2000000.0,98500.0,0.0,2000000.0,0.0,2000000.0,0.0,2000000.0,0.0,0.0,2000000.0,39400.0,0.0,216700.0,2000000.0,0.0
2026-10-23,2000000.0,2000000.0,0.0,0.0,2000000.0,118200.0,0.0,2000000.0,0.0,2000000.0,0.0,2000000.0,0.0,0.0,2000000.0,59100.0,0.0,236400.0,2000000.0,0.0
2026-10-24,2000000.0,2000000.0,0.0,0.0,2000000.0,137900.0,0.0,2000000.0,0.0,2000000.0,0.0,2000000.0,0.0,0.0,2000000.0,0.0,0.0,256100.0,2000000.0,0.0
2026-10-25,2000000.0,2000000.0,0.0,19700.0,2000000.0,157600.0,0.0,2000000.0,0.0,2000000.0,0.0,2000000.0,0.0,0.0,2000000.0,0.0,0.0,275800.0,2000000.0,0.0
2026-10-26,2000000.0,2000000.0,0.0,39400.0,2000000.0,177300.0,0.0,2000000.0,0.0,2000000.0,0.0,2000000.0,0.0,0.0,2000000.0,0.0,0.0,295500.0,2000000.0,0.0
2026-10-27,2000000.0,2000000.0,0.0,59100.0,2000000.0,197000.0,0.0,2000000.0,0.0,2000000.0,0.0,2000000.0,0.0,0.0,2000000.0,19700.0,0.0,315200.0,2000000.0,0.0
2026-10-28,2000000.0,2000000.0,0.0,59100.0,2000000.0,216700.0,0.0,2000000.0,0.0,2000000.0,0.0,2000000.0,19700.0,0.0,2000000.0,39400.0,0.0,334900.0,2000000.0,0.0
2026-10-29,2000000.0,2000000.0,0.0,59100.0,2000000.0,236400.0,0.0,2000000.0,0.0,2000000.0,0.0,2000000.0,39400.0,0.0,2000000.0,59100.0,0.0,354600.0,2000000.0,0.0
2026-10-30,2000000.0,2000000.0,0.0,59100.0,2000000.0,256100.0,0.0,2000000.0,0.0,2000000.0,0.0,2000000.0,59100.0,0.0,2000000.0,78800.0,0.0,374300.0,2000000.0,0.0
2026-10-31,2000000.0,2000000.0,0.0,0.0,2000000.0,275800.0,0.0,2000000.0,0.0,2000000.0,0.0,2000000.0,78800.0,0.0,2000000.0,98500.0,0.0,394000.0,2000000.0,0.0
2026-11-01,2000000.0,2000000.0,0.0,0.0,2000000.0,295500.0,0.0,2000000.0,0.0,2000000.0,0.0,2000000.0,98500.0,0.0,2000000.0,118200.0,0.0,413700.0,2000000.0,0.0
2026-11-02,2000000.0,2000000.0,0.0,0.0,2000000.0,315200.0,0.0,2000000.0,0.0,2000000.0,0.0,2000000.0,118200.0,0.0,2000000.0,137900.0,0.0,433400.0,2000000.0,0.0
2026-11-03,2000000.0,2000000.0,0.0,0.0,2000000.0,334900.0,0.0,2000000.0,0.0,2000000.0,0.0,2000000.0,137900.0,0.0,2000000.0,157600.0,0.0,453100.0,2000000.0,0.0
2026-11-04,2000000.0,2000000.0,0.0,0.0,2000000.0,354600.0,0.0,2000000.0,0.0,2000000.0,0.0,2000000.0,157600.0,0.0,2000000.0,37600.0,0.0,472800.0,2000000.0,0.0
2026-11-05,2000000.0,2000000.0,0.0,0.0,2000000.0,374300.0,0.0,2000000.0,0.0,2000000.0,0.0,2000000.0,177300.0,0.0,2000000.0,0.0,0.0,492500.0,2000000.0,0.0
2026-11-06,2000000.0,2000000.0,0.0,0.0,2000000.0,394000.0,0.0,2000000.0,0.0,2000000.0,0.0,2000000.0,197000.0,0.0,2000000.0,0.0,0.0,512200.0,2000000.0,0.0
2026-11-07,2000000.0,2000000.0,0.0,0.0,2000000.0,413700.0,0.0,2000000.0,0.0,2000000.0,19700.0,2000000.0,216700.0,0.0,2000000.0,0.0,0.0,531900.0,2000000.0,0.0
2026-11-08,2000000.0,2000000.0,0.0,0.0,2000000.0,433400.0,0.0,2000000.0,0.0,2000000.0,39400.0,2000000.0,236400.0,0.0,2000000.0,0.0,0.0,551600.0,2000000.0,0.0
2026-11-09,2000000.0,2000000.0,0.0,19700.0,2000000.0,453100.0,0.0,2000000.0,0.0,2000000.0,59100.0,2000000.0,256100.0,0.0,2000000.0,0.0,0.0,571300.0,2000000.0,0.0
2026-11-10,2000000.0,2000000.0,0.0,39400.0,2000000.0,472800.0,0.0,2000000.0,0.0,2000000.0,78800.0,2000000.0,275800.0,0.0,2000000.0,0.0,0.0,591000.0,2000000.0,0.0
2026-11-11,2000000.0,2000000.0,0.0,59100.0,2000000.0,492500.0,0.0,2000000.0,0.0,2000000.0,98500.0,2000000.0,295500.0,0.0,2000000.0,0.0,0.0,610700.0,2000000.0,0.0
2026-11-12,2000000.0,2000000.0,0.0,0.0,2000000.0,512200.0,0.0,2000000.0,0.0,2000000.0,118200.0,2000000.0,315200.0,0.0,2000000.0,0.0,0.0,630400.0,2000000.0,0.0
2026-11-13,2000000.0,2000000.0,0.0,0.0,2000000.0,531900.0,0.0,2000000.0,19700.0,2000000.0,137900.0,2000000.0,334900.0,0.0,2000000.0,0.0,0.0,650100.0,2000000.0,0.0
2026-11-14,1880000.0,2000000.0,0.0,0.0,2000000.0,551600.0,0.0,2000000.0,19700.0,2000000.0,157600.0,2000000.0,354600.0,0.0,2000000.0,0.0,0.0,669800.0,2000000.0,0.0
2026-11-15,1760000.0,2000000.0,0.0,19700.0,2000000.0,571300.0,0.0,2000000.0,19700.0,2000000.0,177300.0,2000000.0,374300.0,0.0,2000000.0,0.0,0.0,689500.0,2000000.0,0.0
2026-11-16,1640000.0,2000000.0,0.0,0.0,2000000.0,591000.0,0.0,2000000.0,19700.0,2000000.0,197000.0,2000000.0,394000.0,0.0,2000000.0,0.0,0.0,569500.0,2000000.0,0.0
2026-11-17,1520000.0,2000000.0,0.0,19700.0,2000000.0,610700.0,0.0,2000000.0,0.0,2000000.0,216700.0,2000000.0,413700.0,0.0,2000000.0,0.0,0.0,449500.0,2000000.0,0.0
2026-11-18,1539700.0,2000000.0,0.0,39400.0,2000000.0,630400.0,0.0,2000000.0,19700.0,2000000.0,236400.0,2000000.0,433400.0,0.0,2000000.0,0.0,0.0,329500.0,2000000.0,0.0
2026-11-19,1559400.0,2000000.0,0.0,59100.0,2000000.0,650100.0,0.0,2000000.0,0.0,2000000.0,256100.0,2000000.0,453100.0,0.0,2000000.0,0.0,0.0,209500.0,2000000.0,0.0
2026-11-20,1579100.0,2000000.0,0.0,78800.0,2000000.0,669800.0,0.0,2000000.0,19700.0,2000000.0,275800.0,2000000.0,472800.0,0.0,2000000.0,0.0,0.0,89500.0,2000000.0,0.0
2026-11-21,1598800.0,2000000.0,0.0,98500.0,2000000.0,689500.0,0.0,2000000.0,39400.0,2000000.0,275800.0,2000000.0,492500.0,0.0,2000000.0,0.0,0.0,0.0,2000000.0,0.0
2026-11-22,1618500.0,2000000.0,0.0,118200.0,2000000.0,709200.0,0.0,2000000.0,59100.0,2000000.0,155800.0,2000000.0,512200.0,0.0,2000000.0,0.0,0.0,0.0,2000000.0,0.0
2026-11-23,1638200.0,2000000.0,0.0,137900.0,2000000.0,728900.0,0.0,2000000.0,59100.0,2000000.0,35800.0,2000000.0,531900.0,0.0,2000000.0,0.0,0.0,0.0,2000000.0,0.0
2026-11-24,1657900.0,2000000.0,0.0,157600.0,2000000.0,748600.0,0.0,2000000.0,0.0,2000000.0,0.0,2000000.0,551600.0,0.0,2000000.0,0.0,0.0,0.0,2000000.0,19700.0
2026-11-25,1677600.0,2000000.0,0.0,177300.0,2000000.0,768300.0,0.0,2000000.0,0.0,2000000.0,0.0,2000000.0,571300.0,0.0,2000000.0,0.0,0.0,0.0,2000000.0,39400.0
2026-11-26,1697300.0,2000000.0,0.0,197000.0,2000000.0,788000.0,0.0,2000000.0,0.0,2000000.0,0.0,2000000.0,591000.0,0.0,2000000.0,0.0,0.0,0.0,2000000.0,59100.0
2026-11-27,1717000.0,2000000.0,0.0,216700.0,2000000.0,807700.0,0.0,2000000.0,0.0,2000000.0,0.0,2000000.0,610700.0,0.0,2000000.0,0.0,0.0,0.0,2000000.0,78800.0
2026-11-28,1736700.0,2000000.0,0.0,236400.0,2000000.0,827400.0,0.0,2000000.0,0.0,2000000.0,0.0,2000000.0,630400.0,0.0,2000000.0,0.0,0.0,0.0,2000000.0,0.0
2026-11-29,1756400.0,2000000.0,0.0,256100.0,2000000.0,847100.0,0.0,2000000.0,0.0,2000000.0,0.0,2000000.0,650100.0,0.0,2000000.0,0.0,0.0,0.0,2000000.0,19700.0
2026-11-30,1776100.0,2000000.0,0.0,275800.0,2000000.0,866800.0,0.0,2000000.0,19700.0,2000000.0,0.0,2000000.0,669800.0,0.0,2000000.0,0.0,0.0,0.0,2000000.0,39400.0
2026-12-01,1795800.0,2000000.0,0.0,295500.0,2000000.0,886500.0,0.0,2000000.0,39400.0,2000000.0,19700.0,2000000.0,689500.0,0.0,2000000.0,0.0,0.0,0.0,2000000.0,59100.0
2026-12-02,1815500.0,2000000.0,0.0,315200.0,2000000.0,906200.0,0.0,2000000.0,0.0,2000000.0,39400.0,2000000.0,709200.0,0.0,2000000.0,0.0,0.0,0.0,2000000.0,78800.0
2026-12-03,1835200.0,2000000.0,0.0,334900.0,2000000.0,925900.0,0.0,2000000.0,0.0,2000000.0,59100.0,2000000.0,728900.0,0.0,2000000.0,0.0,0.0,0.0,2000000.0,98500.0
2026-12-04,1854900.0,2000000.0,0.0,354600.0,2000000.0,945600.0,0.0,2000000.0,0.0,2000000.0,59100.0,2000000.0,748600.0,0.0,2000000.0,0.0,0.0,0.0,2000000.0,118200.0
2026-12-05,1874600.0,2000000.0,0.0,374300.0,2000000.0,825600.0,0.0,2000000.0,0.0,2000000.0,0.0,2000000.0,768300.0,0.0,2000000.0,0.0,0.0,0.0,2000000.0,137900.0
2026-12-06,1894300.0,2000000.0,0.0,394000.0,2000000.0,705600.0,0.0,2000000.0,0.0,2000000.0,0.0,2000000.0,788000.0,0.0,2000000.0,0.0,0.0,0.0,2000000.0,157600.0
2026-12-07,1914000.0,2000000.0,0.0,413700.0,2000000.0,585600.0,0.0,2000000.0,0.0,2000000.0,0.0,2000000.0,807700.0,0.0,2000000.0,0.0,0.0,0.0,2000000.0,177300.0
2026-12-08,1933700.0,2000000.0,0.0,433400.0,2000000.0,465600.0,0.0,2000000.0,0.0,2000000.0,0.0,2000000.0,827400.0,0.0,2000000.0,0.0,0.0,0.0,2000000.0,197000.0
2026-12-09,1953400.0,2000000.0,0.0,453100.0,2000000.0,465600.0,0.0,2000000.0,0.0,2000000.0,0.0,2000000.0,847100.0,0.0,2000000.0,0.0,0.0,0.0,2000000.0,216700.0
2026-12-10,1973100.0,2000000.0,0.0,472800.0,2000000.0,345600.0,0.0,2000000.0,0.0,2000000.0,0.0,2000000.0,866800.0,0.0,2000000.0,0.0,0.0,0.0,2000000.0,236400.0
2026-12-11,1992800.0,2000000.0,0.0,492500.0,2000000.0,225600.0,0.0,2000000.0,0.0,2000000.0,0.0,2000000.0,886500.0,0.0,2000000.0,0.0,0.0,0.0,2000000.0,256100.0
2026-12-12,1999892.0,2000000.0,0.0,512200.0,2000000.0,105600.0,0.0,2000000.0,0.0,2000000.0,0.0,2000000.0,906200.0,0.0,2000000.0,0.0,0.0,0.0,2000000.0,275800.0
2026-12-13,1999998.38,2000000.0,0.0,531900.0,2000000.0,0.0,19700.0,2000000.0,0.0,2000000.0,0.0,2000000.0,925900.0,0.0,2000000.0,0.0,0.0,0.0,2000000.0,295500.0
2026-12-14,1999999.9757,2000000.0,0.0,551600.0,2000000.0,0.0,39400.0,2000000.0,0.0,2000000.0,0.0,2000000.0,945600.0,0.0,2000000.0,0.0,0.0,0.0,2000000.0,315200.0
2026-12-15,1999999.9996355,2000000.0,0.0,571300.0,2000000.0,0.0,59100.0,2000000.0,0.0,2000000.0,0.0,2000000.0,965300.0,0.0,2000000.0,0.0,0.0,0.0,2000000.0,334900.0
2026-12-16,1999999.9999945324,2000000.0,0.0,591000.0,2000000.0,19700.0,78800.0,2000000.0,0.0,2000000.0,0.0,2000000.0,985000.0,0.0,2000000.0,0.0,0.0,0.0,2000000.0,354600.0
2026-12-17,1999999.999999918,2000000.0,0.0,610700.0,2000000.0,39400.0,98500.0,2000000.0,0.0,2000000.0,0.0,2000000.0,1004700.0,0.0,2000000.0,0.0,0.0,0.0,2000000.0,374300.0
2026-12-18,1999999.9999999988,2000000.0,0.0,630400.0,2000000.0,39400.0,118200.0,2000000.0,0.0,2000000.0,0.0,2000000.0,1024400.0,0.0,2000000.0,0.0,0.0,0.0,2000000.0,394000.0
2026-12-19,2000000.0,2000000.0,0.0,650100.0,2000000.0,59100.0,137900.0,2000000.0,0.0,2000000.0,0.0,2000000.0,1044100.0,0.0,2000000.0,0.0,0.0,0.0,2000000.0,413700.0
2026-12-20,2000000.0,2000000.0,0.0,669800.0,2000000.0,78800.0,137900.0,2000000.0,0.0,2000000.0,0.0,2000000.0,1063800.0,0.0,2000000.0,0.0,0.0,0.0,2000000.0,433400.0
2026-12-21,2000000.0,2000000.0,0.0,689500.0,2000000.0,98500.0,137900.0,2000000.0,0.0,2000000.0,0.0,2000000.0,1083500.0,0.0,2000000.0,0.0,0.0,0.0,2000000.0,453100.0
2026-12-22,2000000.0,2000000.0,0.0,709200.0,2000000.0,0.0,17900.0,2000000.0,0.0,2000000.0,0.0,2000000.0,1103200.0,0.0,2000000.0,0.0,0.0,0.0,2000000.0,472800.0
2026-12-23,2000000.0,2000000.0,0.0,728900.0,2000000.0,0.0,0.0,2000000.0,0.0,2000000.0,0.0,2000000.0,1122900.0,0.0,2000000.0,0.0,0.0,0.0,2000000.0,492500.0
2026-12-24,2000000.0,2000000.0,0.0,748600.0,2000000.0,0.0,0.0,2000000.0,0.0,2000000.0,0.0,2000000.0,1142600.0,0.0,2000000.0,0.0,0.0,0.0,2000000.0,512200.0
2026-12-25,2000000.0,2000000.0,0.0,768300.0,2000000.0,0.0,0.0,2000000.0,0.0,2000000.0,0.0,2000000.0,1162300.0,0.0,2000000.0,0.0,0.0,0.0,2000000.0,512200.0
2026-12-26,2000000.0,2000000.0,0.0,788000.0,1880000.0,0.0,0.0,2000000.0,0.0,2000000.0,0.0,2000000.0,1182000.0,0.0,2000000.0,0.0,0.0,0.0,2000000.0,392200.0
2026-12-27,2000000.0,2000000.0,0.0,807700.0,1760000.0,0.0,0.0,2000000.0,0.0,2000000.0,0.0,2000000.0,1201700.0,0.0,2000000.0,0.0,0.0,0.0,2000000.0,392200.0
2026-12-28,2000000.0,2000000.0,0.0,827400.0,1640000.0,0.0,0.0,2000000.0,0.0,2000000.0,0.0,2000000.0,1221400.0,0.0,2000000.0,0.0,0.0,0.0,2000000.0,411900.0
2026-12-29,2000000.0,2000000.0,0.0,847100.0,1520000.0,0.0,19700.0,2000000.0,0.0,2000000.0,0.0,2000000.0,1241100.0,0.0,2000000.0,0.0,0.0,0.0,2000000.0,291900.0
2026-12-30,2000000.0,2000000.0,0.0,866800.0,1400000.0,0.0,39400.0,2000000.0,0.0,2000000.0,0.0,2000000.0,1260800.0,0.0,2000000.0,0.0,0.0,0.0,2000000.0,171900.0
2026-12-31,2000000.0,2000000.0,0.0,886500.0,1280000.0,0.0,59100.0,2000000.0,0.0,2000000.0,0.0,2000000.0,1280500.0,0.0,2000000.0,0.0,0.0,0.0,2000000.0,51900.0
2027-01-01,2000000.0,2000000.0,0.0,906200.0,1160000.0,19700.0,78800.0,2000000.0,0.0,2000000.0,0.0,2000000.0,1300200.0,0.0,2000000.0,0.0,0.0,0.0,2000000.0,71600.0
2027-01-02,2000000.0,2000000.0,0.0,925900.0,1040000.0,39400.0,98500.0,2000000.0,0.0,2000000.0,0.0,2000000.0,1319900.0,0.0,2000000.0,0.0,0.0,0.0,2000000.0,71600.0
2027-01-03,2000000.0,2000000.0,0.0,945600.0,920000.0,59100.0,118200.0,2000000.0,0.0,2000000.0,0.0,2000000.0,1339600.0,0.0,2000000.0,0.0,0.0,0.0,2000000.0,91300.0
2027-01-04,2000000.0,2000000.0,0.0,965300.0,800000.0,78800.0,137900.0,2000000.0,0.0,2000000.0,0.0,2000000.0,1359300.0,0.0,2000000.0,0.0,0.0,0.0,2000000.0,111000.0
2027-01-05,2000000.0,2000000.0,0.0,985000.0,680000.0,98500.0,157600.0,2000000.0,0.0,2000000.0,0.0,2000000.0,1379000.0,0.0,2000000.0,0.0,0.0,0.0,2000000.0,130700.0
2027-01-06,2000000.0,2000000.0,0.0,1004700.0,560000.0,118200.0,157600.0,2000000.0,0.0,2000000.0,0.0,2000000.0,1398700.0,0.0,2000000.0,0.0,0.0,0.0,2000000.0,150400.0
2027-01-07,2000000.0,2000000.0,0.0,1024400.0,440000.0,137900.0,37600.0,2000000.0,0.0,2000000.0,0.0,2000000.0,1418400.0,0.0,2000000.0,0.0,0.0,0.0,2000000.0,150400.0
2027-01-08,2000000.0,2000000.0,0.0,1044100.0,320000.0,157600.0,0.0,2000000.0,0.0,2000000.0,0.0,2000000.0,1438100.0,0.0,2000000.0,0.0,0.0,0.0,2000000.0,30400.0
2027-01-09,2000000.0,2000000.0,0.0,1063800.0,200000.0,177300.0,0.0,2000000.0,0.0,2000000.0,0.0,2000000.0,1457800.0,0.0,2000000.0,0.0,0.0,0.0,2000000.0,0.0
2027-01-10,2000000.0,2000000.0,0.0,1083500.0,80000.0,197000.0,0.0,2000000.0,0.0,2000000.0,0.0,2000000.0,1477500.0,0.0,2000000.0,0.0,0.0,0.0,2000000.0,0.0
2027-01-11,2000000.0,2000000.0,0.0,1103200.0,0.0,216700.0,19700.0,2000000.0,0.0,2000000.0,0.0,2000000.0,1497200.0,0.0,2000000.0,0.0,0.0,0.0,2000000.0,0.0
2027-01-12,2000000.0,2000000.0,0.0,1122900.0,0.0,236400.0,0.0,2000000.0,0.0,2000000.0,0.0,2000000.0,1516900.0,0.0,2000000.0,0.0,0.0,0.0,2000000.0,0.0
2027-01-13,2000000.0,2000000.0,0.0,1142600.0,0.0,256100.0,0.0,2000000.0,0.0,2000000.0,0.0,2000000.0,1536600.0,0.0,2000000.0,0.0,0.0,0.0,2000000.0,0.0
2027-01-14,2000000.0,2000000.0,0.0,1162300.0,0.0,275800.0,0.0,2000000.0,0.0,2000000.0,0.0,2000000.0,1556300.0,0.0,2000000.0,0.0,0.0,0.0,2000000.0,0.0
2027-01-15,2000000.0,2000000.0,0.0,1182000.0,0.0,155800.0,0.0,2000000.0,0.0,2000000.0,0.0,2000000.0,1576000.0,0.0,2000000.0,0.0,0.0,0.0,2000000.0,19700.0
2027-01-16,2000000.0,2000000.0,0.0,1201700.0,0.0,35800.0,0.0,2000000.0,0.0,2000000.0,0.0,2000000.0,1595700.0,0.0,2000000.0,0.0,0.0,0.0,2000000.0,0.0
2027-01-17,2000000.0,2000000.0,0.0,1221400.0,0.0,0.0,19700.0,2000000.0,0.0,2000000.0,0.0,2000000.0,1615400.0,0.0,2000000.0,0.0,0.0,0.0,2000000.0,0.0
2027-01-18,2000000.0,2000000.0,0.0,1241100.0,0.0,0.0,19700.0,2000000.0,0.0,2000000.0,0.0,2000000.0,1635100.0,0.0,2000000.0,0.0,0.0,0.0,2000000.0,0.0
2027-01-19,2000000.0,2000000.0,0.0,1260800.0,0.0,0.0,39400.0,2000000.0,0.0,2000000.0,0.0,2000000.0,1654800.0,0.0,2000000.0,0.0,0.0,0.0,2000000.0,0.0
2027-01-20,2000000.0,2000000.0,0.0,1280500.0,0.0,0.0,39400.0,2000000.0,0.0,2000000.0,0.0,2000000.0,1674500.0,0.0,2000000.0,0.0,0.0,0.0,2000000.0,0.0
2027-01-21,2000000.0,2000000.0,0.0,1300200.0,0.0,0.0,0.0,2000000.0,0.0,2000000.0,0.0,2000000.0,1694200.0,0.0,2000000.0,0.0,0.0,0.0,2000000.0,0.0
2027-01-22,2000000.0,2000000.0,0.0,1319900.0,0.0,0.0,0.0,2000000.0,0.0,2000000.0,0.0,2000000.0,1713900.0,0.0,2000000.0,0.0,0.0,0.0,2000000.0,0.0
2027-01-23,2000000.0,2000000.0,0.0,1339600.0,0.0,0.0,0.0,2000000.0,0.0,2000000.0,0.0,2000000.0,1733600.0,0.0,2000000.0,0.0,0.0,0.0,2000000.0,0.0
2027-01-24,2000000.0,2000000.0,0.0,1359300.0,0.0,0.0,0.0,2000000.0,0.0,2000000.0,0.0,2000000.0,1753300.0,0.0,2000000.0,0.0,0.0,0.0,2000000.0,19700.0
2027-01-25,2000000.0,2000000.0,0.0,1379000.0,0.0,0.0,0.0,2000000.0,0.0,2000000.0,0.0,2000000.0,1773000.0,0.0,2000000.0,0.0,0.0,0.0,2000000.0,19700.0
2027-01-26,2000000.0,2000000.0,0.0,1398700.0,0.0,0.0,0.0,2000000.0,0.0,2000000.0,0.0,2000000.0,1792700.0,0.0,2000000.0,0.0,0.0,0.0,2000000.0,0.0
2027-01-27,2000000.0,2000000.0,0.0,1418400.0,0.0,0.0,0.0,2000000.0,0.0,2000000.0,0.0,2000000.0,1812400.0,0.0,2000000.0,0.0,0.0,0.0,2000000.0,0.0
2027-01-28,2000000.0,2000000.0,0.0,1438100.0,0.0,0.0,0.0,2000000.0,0.0,2000000.0,0.0,2000000.0,1832100.0,0.0,2000000.0,0.0,0.0,0.0,2000000.0,19700.0
2027-01-29,2000000.0,2000000.0,0.0,1457800.0,0.0,0.0,0.0,2000000.0,0.0,2000000.0,0.0,2000000.0,1851800.0,0.0,2000000.0,0.0,0.0,0.0,2000000.0,39400.0
2027-01-30,2000000.0,2000000.0,0.0,1477500.0,0.0,0.0,0.0,2000000.0,0.0,2000000.0,0.0,2000000.0,1871500.0,0.0,2000000.0,0.0,0.0,0.0,2000000.0,59100.0
2027-01-31,2000000.0,2000000.0,0.0,1497200.0,0.0,0.0,0.0,2000000.0,0.0,2000000.0,0.0,2000000.0,1891200.0,0.0,2000000.0,0.0,0.0,0.0,2000000.0,78800.0
2027-02-01,2000000.0,2000000.0,0.0,1516900.0,0.0,0.0,0.0,2000000.0,0.0,2000000.0,0.0,2000000.0,1910900.0,0.0,2000000.0,0.0,0.0,0.0,2000000.0,0.0
2027-02-02,2000000.0,2000000.0,0.0,1536600.0,0.0,0.0,0.0,2000000.0,0.0,2000000.0,0.0,2000000.0,1930600.0,0.0,2000000.0,0.0,0.0,0.0,2000000.0,0.0
2027-02-03,2000000.0,2000000.0,0.0,1556300.0,0.0,0.0,0.0,2000000.0,0.0,2000000.0,0.0,2000000.0,1950300.0,0.0,2000000.0,0.0,0.0,0.0,2000000.0,0.0
2027-02-04,2000000.0,2000000.0,0.0,1576000.0,0.0,0.0,0.0,2000000.0,0.0,2000000.0,0.0,2000000.0,1970000.0,0.0,2000000.0,0.0,0.0,0.0,2000000.0,0.0
2027-02-05,2000000.0,2000000.0,0.0,1595700.0,0.0,0.0,0.0,2000000.0,0.0,2000000.0,0.0,2000000.0,1989700.0,0.0,2000000.0,0.0,0.0,0.0,2000000.0,0.0
2027-02-06,2000000.0,2000000.0,0.0,1615400.0,0.0,0.0,0.0,2000000.0,0.0,2000000.0,0.0,2000000.0,1999845.5,0.0,2000000.0,0.0,0.0,0.0,2000000.0,0.0
2027-02-07,2000000.0,2000000.0,0.0,1615400.0,0.0,0.0,0.0,2000000.0,0.0,2000000.0,0.0,2000000.0,1999997.6825,0.0,2000000.0,0.0,0.0,0.0,2000000.0,0.0
2027-02-08,2000000.0,2000000.0,0.0,1635100.0,0.0,0.0,0.0,2000000.0,0.0,2000000.0,0.0,2000000.0,1999999.9652375,0.0,2000000.0,0.0,0.0,0.0,2000000.0,0.0
2027-02-09,2000000.0,2000000.0,0.0,1654800.0,0.0,0.0,0.0,2000000.0,0.0,2000000.0,0.0,2000000.0,1999999.9994785625,0.0,2000000.0,0.0,0.0,0.0,2000000.0,0.0
2027-02-10,2000000.0,2000000.0,0.0,1674500.0,0.0,0.0,0.0,2000000.0,0.0,2000000.0,0.0,2000000.0,1999999.9999921785,0.0,2000000.0,0.0,0.0,0.0,2000000.0,0.0
2027-02-11,2000000.0,2000000.0,0.0,1694200.0,0.0,0.0,0.0,2000000.0,0.0,2000000.0,0.0,2000000.0,1999999.9999998827,0.0,2000000.0,0.0,0.0,0.0,2000000.0,0.0
2027-02-12,2000000.0,2000000.0,0.0,1713900.0,0.0,0.0,0.0,2000000.0,0.0,2000000.0,0.0,2000000.0,1999999.9999999981,0.0,2000000.0,0.0,0.0,0.0,2000000.0,0.0
2027-02-13,2000000.0,2000000.0,0.0,1733600.0,0.0,0.0,0.0,2000000.0,0.0,2000000.0,0.0,2000000.0,2000000.0,0.0,2000000.0,0.0,0.0,0.0,2000000.0,0.0
2027-02-14,2000000.0,2000000.0,0.0,1753300.0,0.0,0.0,0.0,2000000.0,0.0,2000000.0,0.0,2000000.0,2000000.0,0.0,2000000.0,0.0,0.0,0.0,2000000.0,0.0
2027-02-15,1880000.0,2000000.0,0.0,1773000.0,0.0,0.0,0.0,2000000.0,0.0,2000000.0,0.0,2000000.0,2000000.0,0.0,2000000.0,0.0,0.0,0.0,2000000.0,0.0
2027-02-16,1760000.0,2000000.0,0.0,1792700.0,0.0,0.0,0.0,2000000.0,0.0,2000000.0,0.0,2000000.0,2000000.0,0.0,2000000.0,0.0,0.0,0.0,2000000.0,0.0
2027-02-17,1779700.0,2000000.0,0.0,1812400.0,0.0,0.0,0.0,2000000.0,0.0,2000000.0,0.0,2000000.0,2000000.0,0.0,2000000.0,0.0,0.0,0.0,2000000.0,0.0
2027-02-18,1659700.0,2000000.0,0.0,1832100.0,0.0,0.0,0.0,2000000.0,0.0,2000000.0,0.0,2000000.0,2000000.0,0.0,2000000.0,0.0,0.0,0.0,2000000.0,0.0
2027-02-19,1539700.0,2000000.0,0.0,1851800.0,0.0,0.0,0.0,2000000.0,0.0,2000000.0,0.0,2000000.0,2000000.0,0.0,2000000.0,0.0,0.0,0.0,2000000.0,0.0
2027-02-20,1419700.0,2000000.0,0.0,1871500.0,0.0,0.0,0.0,2000000.0,0.0,2000000.0,0.0,2000000.0,2000000.0,0.0,2000000.0,0.0,0.0,0.0,2000000.0,0.0
2027-02-21,1299700.0,2000000.0,0.0,1891200.0,0.0,0.0,0.0,2000000.0,0.0,2000000.0,0.0,2000000.0,2000000.0,0.0,2000000.0,0.0,0.0,0.0,2000000.0,0.0
2027-02-22,1179700.0,2000000.0,0.0,1910900.0,0.0,0.0,0.0,2000000.0,0.0,2000000.0,0.0,2000000.0,2000000.0,0.0,2000000.0,0.0,0.0,0.0,2000000.0,0.0
2027-02-23,1059700.0,2000000.0,0.0,1930600.0,0.0,0.0,0.0,2000000.0,0.0,2000000.0,0.0,2000000.0,2000000.0,0.0,2000000.0,0.0,0.0,0.0,2000000.0,0.0
2027-02-24,939700.0,2000000.0,0.0,1930600.0,0.0,0.0,0.0,2000000.0,0.0,2000000.0,0.0,2000000.0,2000000.0,0.0,2000000.0,0.0,0.0,0.0,2000000.0,0.0
2027-02-25,819700.0,2000000.0,0.0,1950300.0,0.0,0.0,0.0,2000000.0,0.0,2000000.0,0.0,2000000.0,2000000.0,0.0,2000000.0,0.0,0.0,0.0,2000000.0,0.0
2027-02-26,699700.0,2000000.0,0.0,1970000.0,0.0,0.0,0.0,2000000.0,0.0,2000000.0,0.0,2000000.0,2000000.0,0.0,2000000.0,0.0,0.0,0.0,2000000.0,0.0
2027-02-27,579700.0,2000000.0,0.0,1989700.0,0.0,0.0,0.0,2000000.0,0.0,2000000.0,0.0,2000000.0,2000000.0,0.0,2000000.0,0.0,0.0,0.0,2000000.0,0.0
2027-02-28,459700.0,2000000.0,0.0,1999845.5,0.0,0.0,0.0,2000000.0,0.0,2000000.0,0.0,2000000.0,2000000.0,0.0,2000000.0,0.0,0.0,0.0,2000000.0,0.0
2027-03-01,339700.0,2000000.0,0.0,1999997.6825,0.0,0.0,0.0,2000000.0,0.0,2000000.0,0.0,2000000.0,2000000.0,0.0,2000000.0,0.0,0.0,0.0,2000000.0,0.0
2027-03-02,219700.0,2000000.0,0.0,1999999.9652375,0.0,0.0,0.0,2000000.0,0.0,2000000.0,0.0,2000000.0,2000000.0,0.0,2000000.0,0.0,0.0,0.0,2000000.0,0.0
2027-03-03,99700.0,2000000.0,0.0,1999999.9994785625,0.0,0.0,0.0,2000000.0,0.0,2000000.0,0.0,2000000.0,2000000.0,0.0,2000000.0,0.0,0.0,0.0,2000000.0,0.0
2027-03-04,0.0,2000000.0,0.0,1999999.9999921785,0.0,0.0,0.0,2000000.0,0.0,2000000.0,0.0,2000000.0,2000000.0,0.0,2000000.0,0.0,0.0,0.0,2000000.0,0.0
2027-03-05,0.0,2000000.0,0.0,1999999.9999998827,0.0,0.0,0.0,2000000.0,0.0,2000000.0,0.0,2000000.0,2000000.0,0.0,2000000.0,0.0,0.0,0.0,2000000.0,0.0
2027-03-06,0.0,2000000.0,0.0,1999999.9999999981,0.0,0.0,0.0,2000000.0,0.0,2000000.0,0.0,2000000.0,2000000.0,0.0,2000000.0,0.0,0.0,0.0,2000000.0,0.0
2027-03-07,0.0,2000000.0,0.0,2000000.0,0.0,0.0,0.0,2000000.0,0.0,2000000.0,0.0,2000000.0,2000000.0,0.0,2000000.0,0.0,0.0,0.0,2000000.0,0.0
2027-03-08,0.0,2000000.0,0.0,2000000.0,0.0,0.0,0.0,2000000.0,0.0,2000000.0,0.0,2000000.0,2000000.0,0.0,2000000.0,0.0,0.0,0.0,2000000.0,0.0
2027-03-09,0.0,2000000.0,0.0,2000000.0,0.0,0.0,0.0,2000000.0,0.0,2000000.0,0.0,2000000.0,2000000.0,0.0,2000000.0,0.0,0.0,0.0,2000000.0,0.0
2027-03-10,0.0,2000000.0,0.0,2000000.0,0.0,0.0,0.0,2000000.0,0.0,2000000.0,0.0,2000000.0,2000000.0,0.0,2000000.0,0.0,0.0,0.0,2000000.0,0.0
2027-03-11,0.0,2000000.0,0.0,2000000.0,0.0,0.0,0.0,2000000.0,0.0,2000000.0,0.0,2000000.0,2000000.0,0.0,2000000.0,0.0,0.0,0.0,2000000.0,0.0
2027-03-12,0.0,2000000.0,0.0,2000000.0,0.0,0.0,0.0,2000000.0,0.0,2000000.0,0.0,2000000.0,2000000.0,0.0,2000000.0,0.0,0.0,0.0,2000000.0,0.0
2027-03-13,0.0,2000000.0,0.0,1880000.0,0.0,0.0,0.0,2000000.0,0.0,2000000.0,0.0,2000000.0,2000000.0,0.0,2000000.0,0.0,0.0,0.0,2000000.0,0.0
2027-03-14,0.0,2000000.0,0.0,1760000.0,0.0,0.0,0.0,2000000.0,0.0,2000000.0,0.0,2000000.0,2000000.0,0.0,2000000.0,0.0,0.0,0.0,2000000.0,0.0
2027-03-15,0.0,2000000.0,0.0,1640000.0,0.0,0.0,0.0,2000000.0,0.0,2000000.0,0.0,2000000.0,2000000.0,0.0,2000000.0,0.0,0.0,0.0,2000000.0,0.0
2027-03-16,0.0,2000000.0,0.0,1520000.0,0.0,0.0,0.0,2000000.0,0.0,2000000.0,0.0,2000000.0,2000000.0,0.0,2000000.0,0.0,0.0,0.0,2000000.0,0.0
2027-03-17,0.0,2000000.0,0.0,1520000.0,0.0,0.0,0.0,2000000.0,0.0,2000000.0,0.0,2000000.0,2000000.0,0.0,2000000.0,0.0,0.0,0.0,2000000.0,0.0
2027-03-18,0.0,2000000.0,0.0,1539700.0,0.0,0.0,0.0,2000000.0,0.0,2000000.0,0.0,2000000.0,2000000.0,0.0,2000000.0,0.0,0.0,0.0,2000000.0,0.0
2027-03-19,0.0,2000000.0,0.0,1539700.0,0.0,0.0,0.0,2000000.0,0.0,2000000.0,0.0,2000000.0,2000000.0,0.0,2000000.0,0.0,0.0,0.0,2000000.0,0.0
2027-03-20,0.0,2000000.0,0.0,1559400.0,0.0,0.0,0.0,2000000.0,0.0,2000000.0,0.0,2000000.0,2000000.0,0.0,2000000.0,0.0,0.0,0.0,2000000.0,0.0
2027-03-21,0.0,2000000.0,0.0,1439400.0,0.0,0.0,0.0,2000000.0,0.0,2000000.0,0.0,2000000.0,2000000.0,0.0,2000000.0,0.0,0.0,0.0,2000000.0,0.0
2027-03-22,0.0,2000000.0,0.0,1319400.0,0.0,0.0,0.0,2000000.0,0.0,2000000.0,0.0,2000000.0,2000000.0,0.0,2000000.0,0.0,0.0,0.0,2000000.0,0.0
2027-03-23,0.0,2000000.0,0.0,1199400.0,0.0,0.0,0.0,2000000.0,0.0,2000000.0,0.0,2000000.0,2000000.0,0.0,2000000.0,0.0,0.0,0.0,2000000.0,0.0
2027-03-24,0.0,2000000.0,0.0,1079400.0,0.0,0.0,0.0,2000000.0,0.0,2000000.0,0.0,2000000.0,2000000.0,0.0,2000000.0,0.0,0.0,0.0,2000000.0,0.0
2027-03-25,0.0,2000000.0,0.0,959400.0,0.0,0.0,0.0,2000000.0,0.0,2000000.0,0.0,2000000.0,2000000.0,0.0,2000000.0,0.0,0.0,0.0,2000000.0,0.0
2027-03-26,0.0,2000000.0,0.0,839400.0,0.0,0.0,0.0,2000000.0,0.0,2000000.0,0.0,2000000.0,2000000.0,0.0,2000000.0,0.0,0.0,0.0,2000000.0,0.0
2027-03-27,0.0,2000000.0,0.0,719400.0,0.0,0.0,0.0,2000000.0,0.0,2000000.0,0.0,2000000.0,2000000.0,0.0,2000000.0,0.0,0.0,0.0,2000000.0,0.0
2027-03-28,0.0,2000000.0,0.0,599400.0,0.0,0.0,0.0,2000000.0,0.0,2000000.0,0.0,2000000.0,2000000.0,0.0,2000000.0,0.0,0.0,0.0,2000000.0,0.0
2027-03-29,0.0,2000000.0,0.0,479400.0,0.0,0.0,0.0,2000000.0,0.0,2000000.0,0.0,2000000.0,2000000.0,0.0,2000000.0,0.0,0.0,0.0,2000000.0,0.0
2027-03-30,0.0,2000000.0,0.0,359400.0,0.0,0.0,0.0,2000000.0,0.0,2000000.0,0.0,2000000.0,2000000.0,0.0,2000000.0,0.0,0.0,0.0,2000000.0,0.0
2027-03-31,0.0,2000000.0,0.0,239400.0,0.0,0.0,0.0,2000000.0,0.0,2000000.0,0.0,2000000.0,2000000.0,0.0,2000000.0,0.0,0.0,0.0,2000000.0,0.0
2027-04-01,0.0,2000000.0,0.0,119400.0,0.0,0.0,0.0,2000000.0,0.0,2000000.0,0.0,2000000.0,2000000.0,0.0,2000000.0,0.0,0.0,0.0,2000000.0,0.0
2027-04-02,0.0,2000000.0,0.0,79400.0,0.0,0.0,0.0,2000000.0,0.0,2000000.0,0.0,2000000.0,2000000.0,0.0,2000000.0,0.0,0.0,0.0,2000000.0,0.0
2027-04-03,0.0,2000000.0,0.0,39400.0,0.0,0.0,0.0,2000000.0,0.0,2000000.0,0.0,2000000.0,2000000.0,0.0,2000000.0,0.0,0.0,0.0,2000000.0,0.0
2027-04-04,0.0,2000000.0,0.0,0.0,0.0,0.0,0.0,2000000.0,0.0,2000000.0,0.0,2000000.0,2000000.0,0.0,2000000.0,0.0,0.0,0.0,2000000.0,0.0
2027-04-05,0.0,2000000.0,0.0,0.0,0.0,0.0,0.0,2000000.0,0.0,2000000.0,0.0,2000000.0,2000000.0,0.0,2000000.0,0.0,0.0,0.0,2000000.0,0.0
2027-04-06,0.0,2000000.0,0.0,0.0,0.0,0.0,0.0,2000000.0,0.0,2000000.0,0.0,2000000.0,2000000.0,0.0,2000000.0,0.0,0.0,0.0,2000000.0,0.0
2027-04-07,0.0,2000000.0,0.0,0.0,0.0,0.0,0.0,2000000.0,0.0,2000000.0,0.0,2000000.0,2000000.0,0.0,2000000.0,0.0,0.0,0.0,2000000.0,0.0
2027-04-08,0.0,2000000.0,0.0,0.0,0.0,0.0,0.0,2000000.0,0.0,2000000.0,0.0,2000000.0,2000000.0,0.0,2000000.0,0.0,0.0,0.0,2000000.0,0.0
2027-04-09,0.0,2000000.0,0.0,0.0,0.0,0.0,0.0,2000000.0,0.0,2000000.0,0.0,2000000.0,2000000.0,0.0,2000000.0,0.0,0.0,0.0,2000000.0,0.0
2027-04-10,0.0,2000000.0,0.0,0.0,0.0,0.0,0.0,2000000.0,0.0,2000000.0,0.0,2000000.0,2000000.0,0.0,2000000.0,0.0,0.0,0.0,2000000.0,0.0
2027-04-11,0.0,2000000.0,0.0,0.0,0.0,0.0,0.0,2000000.0,0.0,2000000.0,0.0,2000000.0,2000000.0,0.0,2000000.0,0.0,0.0,0.0,2000000.0,0.0
2027-04-12,0.0,2000000.0,0.0,0.0,0.0,0.0,0.0,2000000.0,0.0,2000000.0,0.0,2000000.0,2000000.0,0.0,2000000.0,0.0,0.0,0.0,2000000.0,0.0
2027-04-13,0.0,2000000.0,0.0,0.0,0.0,0.0,0.0,2000000.0,0.0,2000000.0,0.0,2000000.0,2000000.0,0.0,2000000.0,0.0,0.0,0.0,2000000.0,0.0
2027-04-14,0.0,2000000.0,0.0,0.0,0.0,0.0,0.0,2000000.0,0.0,2000000.0,0.0,2000000.0,2000000.0,0.0,2000000.0,0.0,0.0,0.0,2000000.0,0.0
2027-04-15,0.0,2000000.0,0.0,0.0,0.0,0.0,0.0,2000000.0,0.0,2000000.0,0.0,2000000.0,2000000.0,0.0,2000000.0,0.0,0.0,0.0,2000000.0,0.0
2027-04-16,0.0,2000000.0,0.0,0.0,0.0,0.0,0.0,2000000.0,0.0,2000000.0,0.0,2000000.0,2000000.0,0.0,2000000.0,0.0,0.0,0.0,2000000.0,0.0
2027-04-17,0.0,2000000.0,0.0,0.0,0.0,0.0,0.0,2000000.0,0.0,2000000.0,0.0,2000000.0,2000000.0,0.0,2000000.0,0.0,0.0,0.0,2000000.0,0.0
